,Fuel Type Code,Station Name,Street Address,Intersection Directions,City,State,ZIP,Plus4,Station Phone,Status Code,Expected Date,Groups With Access Code,Access Days Time,Cards Accepted,BD Blends,NG Fill Type Code,NG PSI,EV Level1 EVSE Num,EV Level2 EVSE Num,EV DC Fast Count,EV Other Info,EV Network,EV Network Web,Geocode Status,Latitude,Longitude,Date Last Confirmed,ID,Updated At,Owner Type Code,Federal Agency ID,Federal Agency Name,Open Date,Hydrogen Status Link,NG Vehicle Class,LPG Primary,E85 Blender Pump,EV Connector Types,Country,Intersection Directions (French),Access Days Time (French),BD Blends (French),Groups With Access Code (French),Hydrogen Is Retail,Access Code,Access Detail Code,Federal Agency Code,Facility Type,CNG Dispenser Num,CNG On-Site Renewable Source,CNG Total Compression Capacity,CNG Storage Capacity,LNG On-Site Renewable Source,E85 Other Ethanol Blends,EV Pricing,EV Pricing (French),LPG Nozzle Types,Hydrogen Pressures,Hydrogen Standards,CNG Fill Type Code,CNG PSI,CNG Vehicle Class,LNG Vehicle Class,EV On-Site Renewable Source,Restricted Access
12,ELEC,Clay Cooley Nissan,39690 Lyndon B Johnson Fwy,,Dallas,TX,75237,,972-709-2000,E,,Public - Call ahead,Dealership business hours,,,,,,1.0,1.0,,Non-Networked,,200-9,32.646784,-96.863492,2022-03-07,39718,2022-03-07 19:49:53 UTC,P,,,2010-12-30,,,,,CHADEMO J1772 J1772COMBO,US,,,,Public - Appeler à l'avance,,public,CALL,,CAR_DEALER,,,,,,,Free,,,,,,,,,,False
56,ELEC,AT&T,208 S Akard St,,Dallas,TX,75201,,,E,,Private,AT&T fleet vehicle use only,,,,,,4.0,,,Non-Networked,,GPS,32.779791,-96.7990454,2022-01-10,40376,2022-02-10 19:42:29 UTC,P,,,2013-06-01,,,,,J1772,US,,,,Privé,,private,,,OFFICE_BLDG,,,,,,,,,,,,,,,,,
66,ELEC,City of Dallas,10011 Log Cabin Rd,,Dallas,TX,75253,,,E,,Private,,,,,,,1.0,,,Non-Networked,,200-9,32.653718,-96.628439,2021-06-07,47511,2022-02-10 19:42:29 UTC,LG,,,2012-03-31,,,,,J1772,US,,,,Privé,,private,,,MUNI_GOV,,,,,,,,,,,,,,,,,
67,ELEC,City of Dallas,1020 Sargent Rd,,Dallas,TX,75203,,,E,,Private,24 hours daily for city employees,,,,,,5.0,,,Non-Networked,,200-8,32.74458,-96.781018,2022-05-05,47512,2022-05-05 20:22:04 UTC,LG,,,2012-03-31,,,,,J1772,US,,,,Privé,,private,,,MUNI_GOV,,,,,,,Free,,,,,,,,,,
113,ELEC,Clay Cooley Nissan,39690 Lyndon B Johnson Fwy,,Dallas,TX,75237,,972-709-2000,E,,Private,,,,,,,1.0,,,Non-Networked,,200-9,32.646784,-96.863492,2022-03-07,48326,2022-03-07 19:49:53 UTC,P,,,2010-12-30,,,,,J1772,US,,,,Privé,,private,,,CAR_DEALER,,,,,,,Free,,,,,,,,,,
115,ELEC,Oncor Electric,1201 S Sylvania Dr,,Dallas,TX,75218,,,E,,Private,Employee and visitor use only,,,,,,1.0,,,Non-Networked,,GPS,32.84368515,-96.69669,2021-12-09,49393,2022-05-17 12:36:06 UTC,P,,,2012-08-31,,,,,J1772,US,,,,Privé,,private,,,UTILITY,,,,,,,,,,,,,,,,,
119,ELEC,Oncor Electric,2233-B Mountain Creek Pkwy,,Dallas,TX,75211,,,E,,Private,Employee and visitor use only,,,,,,1.0,,,Non-Networked,,GPS,32.72068405,-96.93279,2021-08-04,49593,2022-05-17 12:36:06 UTC,P,,,2012-10-15,,,,,J1772,US,,,,Privé,,private,,,UTILITY,,,,,,,,,,,,,,,,,
133,ELEC,BMW OF DALLAS STATION 1CT4013,6200 Lemmon Ave,,Dallas,TX,75209,,888-758-4389,T,2022-09-09,TEMPORARILY UNAVAILABLE (Public),24 hours daily,,,,,,1.0,,,ChargePoint Network,http://www.chargepoint.com/,GPS,32.834169,-96.829381,2022-10-30,60219,2022-10-30 00:53:09 UTC,,,,2015-10-02,,,,,J1772,US,,,,TEMPORAIREMENT SUSPENDU (Public),,public,,,,,,,,,,,,,,,,,,,,
183,ELEC,WINDSOR TC MTC,3663 Cedar Springs Rd,,Dallas,TX,75219,,888-758-4389,E,,Public,24 hours daily,,,,,,2.0,,,ChargePoint Network,http://www.chargepoint.com/,GPS,32.807928,-96.807586,2022-10-30,92385,2022-10-30 00:52:39 UTC,,,,2018-03-07,,,,,J1772,US,,,,Public,,public,,,,,,,,,,,,,,,,,,,,
185,ELEC,DAL PARKING DAL GARAGE A4,Parking Garage A,,Dallas,TX,75235,,888-758-4389,E,,Public,24 hours daily,,,,,,2.0,,,ChargePoint Network,http://www.chargepoint.com/,GPS,32.843451,-96.84941,2022-10-30,94545,2022-10-30 00:54:17 UTC,,,,2018-03-29,,,,,J1772,US,,,,Public,,public,,,,,,,,,,,,,,,,,,,,
186,ELEC,DAL PARKING DAL GARAGE B1,Parking Garage B,,Dallas,TX,75235,,888-758-4389,E,,Public,24 hours daily,,,,,,2.0,,,ChargePoint Network,http://www.chargepoint.com/,GPS,32.841325,-96.847504,2022-10-30,94546,2022-10-30 00:54:17 UTC,,,,2018-03-29,,,,,J1772,US,,,,Public,,public,,,,,,,,,,,,,,,,,,,,
189,ELEC,Original Pancake House - Addison,5220 Belt Line Rd,,Dallas,TX,75254,,888-998-2546,E,,Public,MON: 24 hours | TUE: 24 hours | WED: 24 hours | THU: 24 hours | FRI: 24 hours | SAT: 24 hours | SUN: 24 hours,,,,,,2.0,,,Blink Network,http://www.blinkcharging.com/,GPS,32.953741,-96.81993,2022-10-05,95070,2022-10-05 22:55:23 UTC,,,,2015-10-02,,,,,J1772,US,,,,Public,,public,,,,,,,,,,Level 2: $0.49 per kWh,,,,,,,,,,
212,ELEC,YMCA - Lake Highlands #37,8920 Stults Rd,,Dallas,TX,75243,,888-998-2546,T,2022-09-09,TEMPORARILY UNAVAILABLE (Public),MON: 24 hours | TUE: 24 hours | WED: 24 hours | THU: 24 hours | FRI: 24 hours | SAT: 24 hours | SUN: 24 hours,,,,,,3.0,,,Blink Network,http://www.blinkcharging.com/,GPS,32.904398,-96.749733,2022-10-05,95955,2022-10-05 22:57:32 UTC,,,,2015-10-02,,,,,J1772,US,,,,TEMPORAIREMENT SUSPENDU (Public),,public,,,,,,,,,,Level 2: $0.49 per kWh,,,,,,,,,,
218,ELEC,Bishop Arts District - 7th Street Parking Lot,324 West 7th Street,,Dallas,TX,75208,,888-998-2546,E,,Public,MON: 24 hours | TUE: 24 hours | WED: 24 hours | THU: 24 hours | FRI: 24 hours | SAT: 24 hours | SUN: 24 hours,,,,,,2.0,,,Blink Network,http://www.blinkcharging.com/,GPS,32.748761,-96.826846,2022-10-05,96587,2022-10-05 22:59:07 UTC,,,,2015-10-02,,,,,J1772,US,,,,Public,,public,,,,,,,,,,Level 2: $0.49 per kWh,,,,,,,,,,
252,ELEC,The Hill Shopping Center - Tesla Supercharger,9740 North Central Expressway,,Dallas,TX,75231,,877-798-3752,E,,Public,24 hours daily; for Tesla use only,,,,,,,11.0,,Tesla,https://www.tesla.com/supercharger,200-8,32.881141,-96.76952,2021-10-11,102431,2021-11-04 18:37:47 UTC,P,,,2018-07-23,,,,,TESLA,US,,,,Public,,public,,,,,,,,,,$0.28 per kWh; $0.26 per minute above 60 kW and $0.13 per minute at or below 60 kW,,,,,,,,,,
300,ELEC,CORT GALLERIA STATION1,5005 Galleria Rd,,Dallas,TX,75240,,888-758-4389,E,,Public,24 hours daily,,,,,,2.0,,,ChargePoint Network,http://www.chargepoint.com/,GPS,32.930033,-96.823441,2022-10-30,104837,2022-10-30 00:56:27 UTC,,,,2018-11-21,,,,,J1772,US,,,,Public,,public,,,,,,,,,,,,,,,,,,,,
316,ELEC,JEH CHARGEPOINT SHOP02,6007 Peeler St,,Dallas,TX,75235,,888-758-4389,T,2022-09-09,TEMPORARILY UNAVAILABLE (Public),24 hours daily,,,,,,1.0,,,ChargePoint Network,http://www.chargepoint.com/,GPS,32.82968,-96.831671,2022-10-30,105447,2022-10-30 00:56:44 UTC,,,,2018-12-21,,,,,J1772,US,,,,TEMPORAIREMENT SUSPENDU (Public),,public,,,,,,,,,,,,,,,,,,,,
317,ELEC,JEH CHARGEPOINT SHOP01,109 Cedar Plaza Ln,,Dallas,TX,75235,,888-758-4389,E,,Public,24 hours daily,,,,,,1.0,,,ChargePoint Network,http://www.chargepoint.com/,GPS,32.825071,-96.822888,2022-10-30,105448,2022-10-30 00:56:38 UTC,,,,2018-12-21,,,,,J1772,US,,,,Public,,public,,,,,,,,,,,,,,,,,,,,
378,ELEC,Hampton Inn & Suites Dallas - North Park Area - Tesla Destination,10370 N Central Expy,,Dallas,TX,75231,,214-361-0033  877-798-3752,E,,Public,24 hours daily; for customer use only; see front desk for access,,,,,,2.0,,,Tesla Destination,https://www.tesla.com/destination-charging,200-8,32.887235,-96.769384,2020-11-03,115694,2021-03-11 23:22:17 UTC,P,,,2017-09-01,,,,,J1772 TESLA,US,,,,Public,,public,,,HOTEL,,,,,,,Free,,,,,,,,,,
379,ELEC,Consolidated Restaurant Operations - Tesla Destination,12200 Stemmons Fwy,,Dallas,TX,75234,,972-241-5500  877-798-3752,E,,Public,24 hours daily; for customer use only,,,,,,2.0,,,Tesla Destination,https://www.tesla.com/destination-charging,200-9,32.918521,-96.897054,2020-11-03,115695,2021-03-11 23:22:17 UTC,P,,,2016-04-01,,,,,TESLA,US,,,,Public,,public,,,OFFICE_BLDG,,,,,,,Free,,,,,,,,,,
380,ELEC,NYLO Dallas South Side - Tesla Destination,1325 S Lamar St,,Dallas,TX,75215,,214-421-1080  877-798-3752,E,,Public,24 hours daily; for customer use only; see front desk for access,,,,,,1.0,,,Tesla Destination,https://www.tesla.com/destination-charging,200-9,32.767566,-96.796303,2020-11-03,115696,2021-03-11 23:22:17 UTC,P,,,2015-05-01,,,,,TESLA,US,,,,Public,,public,,,HOTEL,,,,,,,Free,,,,,,,,,,
381,ELEC,Fairmont Dallas - Tesla Destination,1717 N Akard St,,Dallas,TX,75201,,214-720-2020  877-798-3752,E,,Public,24 hours daily; for customer use only; see valet for access,,,,,,2.0,,,Tesla Destination,https://www.tesla.com/destination-charging,200-8,32.786084,-96.801995,2020-11-03,115697,2021-03-11 23:22:17 UTC,P,,,2016-08-15,,,,,J1772 TESLA,US,,,,Public,,public,,,HOTEL,,,,,,,Free,,,,,,,,,,
382,ELEC,The Ritz-Carlton Dallas - Tesla Destination,2121 McKinney Ave,,Dallas,TX,75201,,214-922-0200  877-798-3752,E,,Public,24 hours daily; for customer use only; see valet for access,,,,,,3.0,,,Tesla Destination,https://www.tesla.com/destination-charging,200-9,32.792433,-96.803742,2020-11-03,115698,2021-03-11 23:22:17 UTC,P,,,2016-04-01,,,,,J1772 TESLA,US,,,,Public,,public,,,HOTEL,,,,,,,Free,,,,,,,,,,
383,ELEC,Aloft Dallas/Lovefield - Tesla Destination,2333  W Mockingbird Ln,,Dallas,TX,75235,,214-358-7575  877-798-3752,E,,Public,24 hours daily,,,,,,2.0,,,Tesla Destination,https://www.tesla.com/destination-charging,200-8,32.826209,-96.847188,2020-11-03,115699,2021-03-11 23:22:17 UTC,P,,,2017-03-01,,,,,TESLA,US,,,,Public,,public,,,HOTEL,,,,,,,Free,,,,,,,,,,
384,ELEC,Hyatt Regency Dallas - Tesla Destination,300 Reunion Blvd,,Dallas,TX,75207,,214-651-1234  877-798-3752,E,,Public,24 hours daily; for customer use only; see valet for access,,,,,,2.0,,,Tesla Destination,https://www.tesla.com/destination-charging,GPS,32.775772706269336,-96.8092795370178,2020-11-03,115700,2021-03-11 23:22:17 UTC,P,,,2015-05-01,,,,,TESLA,US,,,,Public,,public,,,HOTEL,,,,,,,Free,,,,,,,,,,
385,ELEC,Residence Inn Dallas at The Canyon - Tesla Destination,3425 Canyon Bluff Blvd,,Dallas,TX,75211,,214-330-0100  877-798-3752,E,,Public,24 hours daily; for customer use only; see front desk for access,,,,,,6.0,,,Tesla Destination,https://www.tesla.com/destination-charging,GPS,32.765875,-96.876091,2020-11-03,115701,2021-03-11 23:22:17 UTC,P,,,2018-11-01,,,,,J1772 TESLA,US,,,,Public,,public,,,HOTEL,,,,,,,Free,,,,,,,,,,
386,ELEC,Sheraton Dallas Galleria - Tesla Destination,4801 Lyndon B  Johnson Fwy,,Dallas,TX,75248,,972-661-3600  877-798-3752,E,,Public,24 hours daily; for customer use only; see front desk for access,,,,,,4.0,,,Tesla Destination,https://www.tesla.com/destination-charging,200-8,32.926698,-96.824415,2020-11-03,115702,2021-03-11 23:22:17 UTC,P,,,2018-11-01,,,,,TESLA,US,,,,Public,,public,,,HOTEL,,,,,,,Free,,,,,,,,,,
387,ELEC,Omni Dallas Hotel - Tesla Destination,555 S Lamar St,,Dallas,TX,75218,,214-744-6664  877-798-3752,E,,Public,24 hours daily; for customer use only; see front desk for access,,,,,,4.0,,,Tesla Destination,https://www.tesla.com/destination-charging,200-9,32.775161,-96.803898,2020-11-03,115703,2021-03-11 23:22:17 UTC,P,,,2018-11-01,,,,,TESLA,US,,,,Public,,public,,,HOTEL,,,,,,,Free,,,,,,,,,,
388,ELEC,Holiday Inn Express & Suites North Dallas At Preston - Tesla Destination,6055 LBJ Freeway,,Dallas,TX,75240,,972-404-4500  877-798-3752,E,,Public,24 hours daily; for customer use only; see front desk for access,,,,,,2.0,,,Tesla Destination,https://www.tesla.com/destination-charging,GPS,32.926755,-96.801658,2020-11-03,115704,2021-03-11 23:22:17 UTC,P,,,2017-09-01,,,,,J1772 TESLA,US,,,,Public,,public,,,HOTEL,,,,,,,Free,,,,,,,,,,
389,ELEC,Dallas Marriott City Center - Tesla Destination,650 N Pearl St,,Dallas,TX,75201,,214-979-9000  877-798-3752,E,,Public,24 hours daily; for customer use only; see valet for access,,,,,,1.0,,,Tesla Destination,https://www.tesla.com/destination-charging,200-8,32.786678,-96.795531,2020-11-03,115706,2021-03-11 23:22:17 UTC,P,,,2015-05-01,,,,,TESLA,US,,,,Public,,public,,,HOTEL,,,,,,,Free,,,,,,,,,,
390,ELEC,The LOT Dallas - Tesla Destination,7530 E. Grand Ave,,Dallas,TX,75214,,214-321-1990  877-798-3752,E,,Public,24 hours daily; for customer use only,,,,,,2.0,,,Tesla Destination,https://www.tesla.com/destination-charging,200-9,32.810253,-96.729128,2020-11-03,115707,2021-03-11 23:22:17 UTC,P,,,2016-09-01,,,,,TESLA,US,,,,Public,,public,,,RESTAURANT,,,,,,,Free,,,,,,,,,,
391,ELEC,Preston Hollow Emergency Room - Tesla Destination,8007 Walnut Hill Ln,,Dallas,TX,75231,,214-217-0911  877-798-3752,E,,Public,24 hours daily,,,,,,2.0,,,Tesla Destination,https://www.tesla.com/destination-charging,200-9,32.880479,-96.769066,2020-11-03,115708,2021-03-11 23:22:17 UTC,P,,,2015-05-01,,,,,TESLA,US,,,,Public,,public,,,HOSPITAL,,,,,,,Free,,,,,,,,,,
392,ELEC,Highland Park Village - Tesla Destination,58 Highland Park Village,,Dallas,TX,75205,,214-443-9898  877-798-3752,E,,Public,24 hours daily; for customer use only,,,,,,4.0,,,Tesla Destination,https://www.tesla.com/destination-charging,200-8,32.836217,-96.806812,2020-11-03,115710,2021-03-11 23:22:17 UTC,P,,,2018-11-01,,,,,TESLA,US,,,,Public,,public,,,SHOPPING_CENTER,,,,,,,Free,,,,,,,,,,
545,ELEC,Perot Museum of Nature and Science,2200-2298 Summer St,,Dallas,TX,75202,,214-428-5555,E,,Public,"10am-5pm M-Sat, 11am-5pm Sun; for visitor use only",,,,,,2.0,,,Non-Networked,,GPS,32.786912,-96.806618,2020-09-03,116954,2022-04-28 20:01:31 UTC,P,,,2019-01-01,,,,,J1772,US,,,,Public,,public,,,MUSEUM,,,,,,,,,,,,,,,,,True
546,ELEC,Children's Medical Center - Dallas,1935 Medical District Dr,Southwestern Medical Ave; Green Garage across from the hospital's main entrance,Dallas,TX,75235,,844-424-4537,E,,Public,24 hours daily,,,,,,5.0,,,Non-Networked,,200-9,32.809191,-96.837838,2020-05-06,116955,2021-03-11 23:22:17 UTC,P,,,2019-01-01,,,,,J1772 TESLA,US,,,,Public,,public,,,HOSPITAL,,,,,,,Free,,,,,,,,,,False
547,ELEC,Children's Health Specialty Center - Dallas Campus,2350 N Stemmons Fwy,Children's Way; Purple Garage,Dallas,TX,75207,,,E,,Private,For employee use only,,,,,,5.0,,,Non-Networked,,200-9,32.806816,-96.836049,2022-07-12,116956,2022-07-12 20:31:42 UTC,P,,,2019-01-01,,,,,J1772 TESLA,US,,,,Privé,,private,,,HOSPITAL,,,,,,,Free,,,,,,,,,,
565,ELEC,PLATINUM PARK UNIT 3,2000 Ross Ave,,Dallas,TX,75201,,888-758-4389,T,2022-10-15,TEMPORARILY UNAVAILABLE (Public),24 hours daily,,,,,,2.0,,,ChargePoint Network,http://www.chargepoint.com/,GPS,32.786863,-96.798967,2022-10-30,121548,2022-10-30 00:58:18 UTC,,,,2019-04-17,,,,,J1772,US,,,,TEMPORAIREMENT SUSPENDU (Public),,public,,,,,,,,,,,,,,,,,,,,
630,ELEC,2300NORTHAKARD P6 UPPER GARAGE,2323 N. Akard Street,,Dallas,TX,75201,,888-758-4389,E,,Public,24 hours daily,,,,,,1.0,,,ChargePoint Network,http://www.chargepoint.com/,GPS,32.789586,-96.806265,2022-10-30,123674,2022-10-30 00:58:01 UTC,,,,2019-06-12,,,,,J1772,US,,,,Public,,public,,,,,,,,,,,,,,,,,,,,
631,ELEC,2300NORTHAKARD B2 LOWER GARAGE,2380 N Field St,,Dallas,TX,75201,,888-758-4389,T,2022-09-12,TEMPORARILY UNAVAILABLE (Public),24 hours daily,,,,,,2.0,,,ChargePoint Network,http://www.chargepoint.com/,GPS,32.789128,-96.806816,2022-10-30,123675,2022-10-30 00:58:01 UTC,,,,2019-06-12,,,,,J1772,US,,,,TEMPORAIREMENT SUSPENDU (Public),,public,,,,,,,,,,,,,,,,,,,,
633,ELEC,Green Spot Market & Fuels,702 N Buckner Blvd,"The chargers at this location are under 
repairs.
",Dallas,TX,75218,,888-998-2546,E,,Public,MON: 24 hours | TUE: 24 hours | WED: 24 hours | THU: 24 hours | FRI: 24 hours | SAT: 24 hours | SUN: 24 hours,,,,,,2.0,,,Blink Network,http://www.blinkcharging.com/,GPS,32.846084,-96.711979,2022-10-05,123737,2022-10-05 22:59:00 UTC,,,,2019-06-14,,,,,J1772,US,,,,Public,,public,,,,,,,,,,Level 2: $0.49 per kWh,,,,,,,,,,
641,ELEC,TOLLWAY CENTER NORTH UNIT,14675 Dallas Pkwy,,Dallas,TX,75254,,888-758-4389,T,2022-09-09,TEMPORARILY UNAVAILABLE (Public),24 hours daily,,,,,,2.0,,,ChargePoint Network,http://www.chargepoint.com/,GPS,32.94605,-96.82465,2022-10-30,143175,2022-10-30 01:00:05 UTC,,,,2019-08-15,,,,,J1772,US,,,,TEMPORAIREMENT SUSPENDU (Public),,public,,,,,,,,,,,,,,,,,,,,
659,ELEC,PLATINUM PARK UNIT #1,2001 Ross ave,,Dallas,TX,75201,,888-758-4389,E,,Public,24 hours daily,,,,,,2.0,,,ChargePoint Network,http://www.chargepoint.com/,GPS,32.787591,-96.799428,2022-10-30,143588,2022-10-30 00:58:04 UTC,,,,2019-08-15,,,,,J1772,US,,,,Public,,public,,,,,,,,,,,,,,,,,,,,
666,ELEC,BC STATION 1 STATION 2,3130 N Harwood St,,Dallas,TX,75201,,888-758-4389,E,,Public,24 hours daily,,,,,,2.0,,,ChargePoint Network,http://www.chargepoint.com/,GPS,32.797459,-96.811706,2022-10-30,144081,2022-10-30 01:00:10 UTC,,,,2019-08-27,,,,,J1772,US,,,,Public,,public,,,,,,,,,,,,,,,,,,,,
699,ELEC,Two Galleria Office Tower,13455 Noel Rd,".The chargers at this location are 
under repairs.

Tower 2
",Dallas,TX,75240,,888-998-2546,E,,Public,MON: 24 hours | TUE: 24 hours | WED: 24 hours | THU: 24 hours | FRI: 24 hours | SAT: 24 hours | SUN: 24 hours,,,,,,2.0,,,Blink Network,http://www.blinkcharging.com/,GPS,32.930157,-96.818688,2022-10-05,147535,2022-10-05 22:56:03 UTC,,,,2019-11-07,,,,,J1772,US,,,,Public,,public,,,,,,,,,,Level 2: $0.49 per kWh,,,,,,,,,,
703,ELEC,Broadstone 5151,5151 Bent Tree Forest Drive,,Dallas,TX,75248,,800-663-5633,T,2022-09-09,TEMPORARILY UNAVAILABLE (Public),MO: Not Specified; TU: Not Specified; WE: Not Specified; TH: Not Specified; FR: Not Specified; SA: Not Specified; SU: Not Specified,,,,,,2.0,,,SemaCharge Network,https://semaconnect.com/,GPS,32.9651005,-96.8199773,2022-10-30,148646,2022-10-30 00:34:18 UTC,,,,2017-12-14,,,,,J1772,US,,,,TEMPORAIREMENT SUSPENDU (Public),,public,,,,,,,,,,"$1.00/Hr Parking Fee , $0.20/kWh Energy Fee",,,,,,,,,,
704,ELEC,Main Location,5519 Arapaho Rd.,,Dallas,TX,85248,,800-663-5633,E,,Public,MO: Not Specified; TU: Not Specified; WE: Not Specified; TH: Not Specified; FR: Not Specified; SA: Not Specified; SU: Not Specified,,,,,,2.0,,,SemaCharge Network,https://semaconnect.com/,GPS,32.9621342,-96.8171805,2022-10-30,148647,2022-10-30 00:34:18 UTC,,,,2019-10-23,,,,,J1772,US,,,,Public,,public,,,,,,,,,,FREE,,,,,,,,,,
706,ELEC,Preston Royal Village,6025 Royal Lane,,Dallas,TX,25230,,800-663-5633,T,2022-09-19,TEMPORARILY UNAVAILABLE (Public),MO: Not Specified; TU: Not Specified; WE: Not Specified; TH: Not Specified; FR: Not Specified; SA: Not Specified; SU: Not Specified,,,,,,4.0,,,SemaCharge Network,https://semaconnect.com/,GPS,32.8961547,-96.8022961,2022-10-30,148660,2022-10-30 00:34:18 UTC,,,,2019-09-04,,,,,J1772,US,,,,TEMPORAIREMENT SUSPENDU (Public),,public,,,,,,,,,,FREE,,,,,,,,,,
708,ELEC,Lyra On Mckinney,4209 McKinney Avenue,,Dallas,TX,75204,,800-663-5633,E,,Public,MO: Not Specified; TU: Not Specified; WE: Not Specified; TH: Not Specified; FR: Not Specified; SA: Not Specified; SU: Not Specified,,,,,,2.0,,,SemaCharge Network,https://semaconnect.com/,GPS,32.8167932,-96.791941,2022-10-30,148690,2022-10-30 00:34:18 UTC,,,,2019-11-11,,,,,J1772,US,,,,Public,,public,,,,,,,,,,FREE,,,,,,,,,,
709,ELEC,Glass House by Windsor,2728 McKinnon Street,,Dallas,TX,75201,,800-663-5633,T,2022-09-09,TEMPORARILY UNAVAILABLE (Public),MO: Not Specified; TU: Not Specified; WE: Not Specified; TH: Not Specified; FR: Not Specified; SA: Not Specified; SU: Not Specified,,,,,,4.0,,,SemaCharge Network,https://semaconnect.com/,GPS,32.7946052,-96.8069335,2022-10-30,148699,2022-10-30 00:34:18 UTC,,,,2019-04-20,,,,,J1772,US,,,,TEMPORAIREMENT SUSPENDU (Public),,public,,,,,,,,,,FREE,,,,,,,,,,
710,ELEC,PURE Farmers Market,835 South Good Latimer Expressway,,Dallas,TX,75226,,800-663-5633,T,2022-09-09,TEMPORARILY UNAVAILABLE (Public),MO: Not Specified; TU: Not Specified; WE: Not Specified; TH: Not Specified; FR: Not Specified; SA: Not Specified; SU: Not Specified,,,,,,4.0,,,SemaCharge Network,https://semaconnect.com/,GPS,32.7775987,-96.7857078,2022-10-30,148704,2022-10-30 00:34:18 UTC,,,,2019-07-03,,,,,J1772,US,,,,TEMPORAIREMENT SUSPENDU (Public),,public,,,,,,,,,,FREE,,,,,,,,,,
711,ELEC,Hyatt Regency Dallas,300 Reunion Blvd,,Dallas,TX,75207,,800-663-5633,E,,Public,MO: Not Specified; TU: Not Specified; WE: Not Specified; TH: Not Specified; FR: Not Specified; SA: Not Specified; SU: Not Specified,,,,,,2.0,,,SemaCharge Network,https://semaconnect.com/,GPS,32.7753462,-96.8089502,2022-10-30,148706,2022-10-30 00:34:18 UTC,,,,2017-02-15,,,,,J1772,US,,,,Public,,public,,,,,,,,,,FREE,,,,,,,,,,
756,ELEC,Element by Westin Dallas East - Tesla Destination,4005 Gaston Ave,,Dallas,TX,75246,,469-399-1049  877-798-3752,E,,Public,24 hours daily; for customer use only; see front desk for access,,,,,,2.0,,,Tesla Destination,https://www.tesla.com/destination-charging,200-9,32.79365,-96.778059,2020-11-03,150684,2021-03-11 23:22:17 UTC,P,,,2019-09-30,,,,,TESLA,US,,,,Public,,public,,,,,,,,,,Free,,,,,,,,,,
761,ELEC,Cinemark 17 IMAX,11819 Webb Chapel Rd,,Dallas,TX,75234,,888-264-2208,E,,Public,6am-12am daily,,,,,,4.0,,,Volta,https://voltacharging.com/,GPS,32.910789,-96.873885,2021-04-08,151804,2022-10-17 15:38:16 UTC,P,,,2019-07-29,,,,,J1772,US,,,,Public,,public,,,SHOPPING_CENTER,,,,,,,Free,,,,,,,,,,False
781,ELEC,Oncor Electric,1616 Woodall Rodgers Fwy,,Dallas,TX,75202,,,E,,Private,Employee and visitor use only,,,,,,9.0,,,Non-Networked,,200-9,32.786667,-96.803696,2021-08-04,152212,2022-05-17 12:36:06 UTC,P,,,2020-01-06,,,,,J1772,US,,,,Privé,,private,,,UTILITY,,,,,,,,,,,,,,,,,
802,ELEC,FOURTEEN5 West Garage,"14555 Dallas Parkway
Suite 140",,Dallas,TX,75254,,800-663-5633,E,,Public,MO: Not Specified; TU: Not Specified; WE: Not Specified; TH: Not Specified; FR: Not Specified; SA: Not Specified; SU: Not Specified,,,,,,2.0,,,SemaCharge Network,https://semaconnect.com/,GPS,32.9435587,-96.8229379,2022-10-30,153550,2022-10-30 00:34:18 UTC,,,,2020-02-08,,,,,J1772,US,,,,Public,,public,,,,,,,,,,FREE,,,,,,,,,,
808,ELEC,DHM-GARAGE STATION 4,301 N Houston St,,Dallas,TX,75202,,888-758-4389,T,2022-09-09,TEMPORARILY UNAVAILABLE (Public),24 hours daily,,,,,,2.0,,,ChargePoint Network,http://www.chargepoint.com/,GPS,32.780895,-96.808846,2022-10-30,154081,2022-10-30 01:04:15 UTC,,,,2020-02-27,,,,,J1772,US,,,,TEMPORAIREMENT SUSPENDU (Public),,public,,,,,,,,,,,,,,,,,,,,
820,ELEC,2000 MCKINNEY STATION #1,2000 McKinney Ave,,Dallas,TX,75201,,888-758-4389,E,,Public,24 hours daily,,,,,,2.0,,,ChargePoint Network,http://www.chargepoint.com/,GPS,32.790657,-96.802991,2022-10-30,154340,2022-10-30 01:04:06 UTC,,,,2020-03-06,,,,,J1772,US,,,,Public,,public,,,,,,,,,,,,,,,,,,,,
833,ELEC,Village on the Parkway,5100 Belt Line Rd,,Dallas,TX,75254,,888-264-2208,E,,Public,6am-12am daily,,,,,,2.0,,,Volta,https://voltacharging.com/,GPS,32.95072,-96.820052,2021-04-08,154805,2022-10-17 15:38:16 UTC,P,,,2020-03-27,,,,,J1772,US,,,,Public,,public,,,SHOPPING_MALL,,,,,,,,,,,,,,,,,False
858,ELEC,DAL PARKING DAL GARAGE C6,7816 Aviation Place,,Dallas,TX,75235,,888-758-4389,E,,Public,24 hours daily,,,,,,2.0,,,ChargePoint Network,http://www.chargepoint.com/,GPS,32.843762,-96.84762,2022-10-30,162531,2022-10-30 00:52:30 UTC,,,,2020-06-12,,,,,J1772,US,,,,Public,,public,,,,,,,,,,,,,,,,,,,,
883,ELEC,WINDSOR STATION 1,13242-13260 Noel Rd,,Dallas,TX,75240,,888-758-4389,E,,Public,24 hours daily,,,,,,2.0,,,ChargePoint Network,http://www.chargepoint.com/,GPS,32.928767,-96.817572,2022-10-30,162564,2022-10-30 00:51:33 UTC,,,,2020-06-12,,,,,J1772,US,,,,Public,,public,,,,,,,,,,,,,,,,,,,,
884,ELEC,MODERA HALL ST1,1810 N Hall St,,Dallas,TX,75204,,888-758-4389,E,,Public,24 hours daily,,,,,,2.0,,,ChargePoint Network,http://www.chargepoint.com/,GPS,32.79667,-96.790059,2022-10-30,162565,2022-10-30 00:51:32 UTC,,,,2020-06-12,,,,,J1772,US,,,,Public,,public,,,,,,,,,,,,,,,,,,,,
887,ELEC,ASH ASH 2 LVL 2,4668 Amesbury Dr,,Dallas,TX,75206,,888-758-4389,E,,Public,24 hours daily,,,,,,2.0,,,ChargePoint Network,http://www.chargepoint.com/,GPS,32.842011,-96.763267,2022-10-30,162568,2022-10-30 00:51:15 UTC,,,,2020-06-12,,,,,J1772,US,,,,Public,,public,,,,,,,,,,,,,,,,,,,,
901,ELEC,VICTORY PLACE STATION 2,1701 Payne St,,Dallas,TX,75201,,888-758-4389,E,,Public,24 hours daily,,,,,,2.0,,,ChargePoint Network,http://www.chargepoint.com/,GPS,32.79173,-96.809079,2022-10-30,162597,2022-10-30 00:49:52 UTC,,,,2020-06-12,,,,,J1772,US,,,,Public,,public,,,,,,,,,,,,,,,,,,,,
911,ELEC,BRADY BRADY 2 PG BG,2728 Cedar Spring Rd,,Dallas,TX,75201,,888-758-4389,T,2022-10-29,TEMPORARILY UNAVAILABLE (Public),24 hours daily,,,,,,2.0,,,ChargePoint Network,http://www.chargepoint.com/,GPS,32.801969,-96.805013,2022-10-30,162618,2022-10-30 00:49:13 UTC,,,,2020-06-12,,,,,J1772,US,,,,TEMPORAIREMENT SUSPENDU (Public),,public,,,,,,,,,,,,,,,,,,,,
913,ELEC,BRADY BRADY 1 PG B2,2728 Cedar Spring Rd,,Dallas,TX,75204,,888-758-4389,T,2022-10-29,TEMPORARILY UNAVAILABLE (Public),24 hours daily,,,,,,2.0,,,ChargePoint Network,http://www.chargepoint.com/,GPS,32.802011,-96.805087,2022-10-30,162620,2022-10-30 00:49:11 UTC,,,,2020-06-12,,,,,J1772,US,,,,TEMPORAIREMENT SUSPENDU (Public),,public,,,,,,,,,,,,,,,,,,,,
915,ELEC,MCKINNEY&OLIVE M&O STAT1,2021 McKinney Ave,,Dallas,TX,75201,,888-758-4389,E,,Public,24 hours daily,,,,,,2.0,,,ChargePoint Network,http://www.chargepoint.com/,GPS,32.791369,-96.804575,2022-10-30,162622,2022-10-30 00:49:09 UTC,,,,2020-06-12,,,,,J1772,US,,,,Public,,public,,,,,,,,,,,,,,,,,,,,
926,ELEC,GABLES MCKINNEY STATION 2,2500 McKinney Ave,,Dallas,TX,75201,,888-758-4389,T,2022-09-09,TEMPORARILY UNAVAILABLE (Public),24 hours daily,,,,,,2.0,,,ChargePoint Network,http://www.chargepoint.com/,GPS,32.795284,-96.801699,2022-10-30,162638,2022-10-30 00:48:01 UTC,,,,2020-06-12,,,,,J1772,US,,,,TEMPORAIREMENT SUSPENDU (Public),,public,,,,,,,,,,,,,,,,,,,,
939,ELEC,ARPEGGIO STATION 1,2425 Victory Ave,,Dallas,TX,75219,,888-758-4389,E,,Public,24 hours daily,,,,,,1.0,,,ChargePoint Network,http://www.chargepoint.com/,GPS,32.788231,-96.811243,2022-10-30,162658,2022-10-30 00:46:35 UTC,,,,2020-06-12,,,,,J1772,US,,,,Public,,public,,,,,,,,,,,,,,,,,,,,
953,ELEC,DALLAS REGIONAL ONE FOREST 1,12200 Park Central Dr,,Dallas,TX,75251,,888-758-4389,T,2022-09-09,TEMPORARILY UNAVAILABLE (Public),24 hours daily,,,,,,2.0,,,ChargePoint Network,http://www.chargepoint.com/,GPS,32.914399,-96.77507,2022-10-30,162683,2022-10-30 00:46:05 UTC,,,,2020-06-12,,,,,J1772,US,,,,TEMPORAIREMENT SUSPENDU (Public),,public,,,,,,,,,,,,,,,,,,,,
963,ELEC,COD CITY HALL STATION 2,1500 Marilla Street,,Dallas,TX,75201,,888-758-4389,E,,Public,24 hours daily,,,,,,1.0,,,ChargePoint Network,http://www.chargepoint.com/,GPS,32.775937,-96.795978,2022-10-30,162697,2022-10-30 00:45:48 UTC,,,,2020-06-12,,,,,J1772,US,,,,Public,,public,,,,,,,,,,,,,,,,,,,,
969,ELEC,THE ALEXAN EV STATION 01,3333 Harry Hines Blvd,,Dallas,TX,75201,,888-758-4389,E,,Public,24 hours daily,,,,,,2.0,,,ChargePoint Network,http://www.chargepoint.com/,GPS,32.797239,-96.813922,2022-10-30,162703,2022-10-30 00:45:42 UTC,,,,2020-06-12,,,,,J1772,US,,,,Public,,public,,,,,,,,,,,,,,,,,,,,
984,ELEC,FOUNTAIN PLACE FOUNTAINPLACEB1,1455 Ross Ave,,Dallas,TX,75202,,888-758-4389,E,,Public,24 hours daily,,,,,,2.0,,,ChargePoint Network,http://www.chargepoint.com/,GPS,32.784572,-96.802211,2022-10-30,162730,2022-10-30 00:43:31 UTC,,,,2020-06-12,,,,,J1772,US,,,,Public,,public,,,,,,,,,,,,,,,,,,,,
994,ELEC,4110 FAIRMOUNT EV STATION 01,4110 Fairmount St,,Dallas,TX,75219,,888-758-4389,E,,Public,24 hours daily,,,,,,2.0,,,ChargePoint Network,http://www.chargepoint.com/,GPS,32.807955,-96.816364,2022-10-30,162747,2022-10-30 00:42:48 UTC,,,,2020-06-12,,,,,J1772,US,,,,Public,,public,,,,,,,,,,,,,,,,,,,,
1002,ELEC,BMW OF DALLAS STATION 01,6200 Lemon Ave,,Dallas,TX,75209,,888-758-4389,T,2022-09-09,TEMPORARILY UNAVAILABLE (Public),24 hours daily,,,,,,2.0,,,ChargePoint Network,http://www.chargepoint.com/,GPS,32.834405,-96.82848,2022-10-30,162761,2022-10-30 00:42:32 UTC,,,,2020-06-12,,,,,J1772,US,,,,TEMPORAIREMENT SUSPENDU (Public),,public,,,,,,,,,,,,,,,,,,,,
1006,ELEC,RENAISSANCE TWR 1201 ELM REN.T,1201 Pacific Ave,,Dallas,TX,75223,,888-758-4389,E,,Public,24 hours daily,,,,,,2.0,,,ChargePoint Network,http://www.chargepoint.com/,GPS,32.781982,-96.801969,2022-10-30,162768,2022-10-30 00:42:21 UTC,,,,2020-06-12,,,,,J1772,US,,,,Public,,public,,,,,,,,,,,,,,,,,,,,
1011,ELEC,WHOLE FOODS MKT ADDISON ST1,5100 Belt Line Rd,,Dallas,TX,75254,,888-758-4389,T,2022-09-09,TEMPORARILY UNAVAILABLE (Public),24 hours daily; Drivers must bring their own J1772 cordset for Level 1 charging,,,,,1.0,1.0,,,ChargePoint Network,http://www.chargepoint.com/,GPS,32.953364,-96.820685,2022-10-30,162783,2022-10-30 00:41:56 UTC,,,,2020-06-12,,,,,J1772 NEMA515,US,,,,TEMPORAIREMENT SUSPENDU (Public),,public,,,,,,,,,,,,,,,,,,,,
1022,ELEC,AMF DALLAS AMELIA-1,912 Park Ave,,Dallas,TX,75201,,888-758-4389,E,,Public,24 hours daily,,,,,,2.0,,,ChargePoint Network,http://www.chargepoint.com/,GPS,32.77695,-96.7917,2022-10-30,163551,2022-10-30 01:03:19 UTC,,,,2020-06-23,,,,,J1772,US,,,,Public,,public,,,,,,,,,,,,,,,,,,,,
1092,ELEC,STA STATION 1,8190 Manderville Lane,,Dallas,TX,75231,,888-758-4389,E,,Public,24 hours daily,,,,,,2.0,,,ChargePoint Network,http://www.chargepoint.com/,GPS,32.892213,-96.766545,2022-10-30,167540,2022-10-30 01:08:16 UTC,,,,2020-10-15,,,,,J1772,US,,,,Public,,public,,,,,,,,,,,,,,,,,,,,
1095,ELEC,1900 PEARL STATION 2,1900 Pearl St,,Dallas,TX,75201,,888-758-4389,E,,Public,24 hours daily,,,,,,2.0,,,ChargePoint Network,http://www.chargepoint.com/,GPS,32.790337,-96.799621,2022-10-30,167676,2022-10-30 01:07:14 UTC,,,,2020-10-22,,,,,J1772,US,,,,Public,,public,,,,,,,,,,,,,,,,,,,,
1096,ELEC,1900 PEARL STATION 1,1900 N Pearl St,,Dallas,TX,75201,,888-758-4389,E,,Public,24 hours daily,,,,,,2.0,,,ChargePoint Network,http://www.chargepoint.com/,GPS,32.790485,-96.799487,2022-10-30,167677,2022-10-30 01:07:14 UTC,,,,2020-10-22,,,,,J1772,US,,,,Public,,public,,,,,,,,,,,,,,,,,,,,
1098,ELEC,Tom Thumb - 2727 Live Oak St,2727 Live Oak St,,Dallas,TX,75204,,888-264-2208,E,,Public,6am-12am daily,,,,,,2.0,,,Volta,https://voltacharging.com/,GPS,32.789207,-96.789406,2021-04-08,167926,2022-10-17 15:38:16 UTC,P,,,2020-10-19,,,,,J1772,US,,,,Public,,public,,,CONVENIENCE_STORE,,,,,,,,,,,,,,,,,False
1103,ELEC,Audi - Forbes Todd Automotive II - North Parking,5033 Lemmon Ave,,Dallas,TX,75209,,888-998-2546,E,,Public,MON: 24 hours | TUE: 24 hours | WED: 24 hours | THU: 24 hours | FRI: 24 hours | SAT: 24 hours | SUN: 24 hours,,,,,,2.0,,,Blink Network,http://www.blinkcharging.com/,GPS,32.823774,-96.81978,2022-10-05,168019,2022-10-05 22:56:11 UTC,,,,2020-10-30,,,,,J1772,US,,,,Public,,public,,,,,,,,,,Level 2: $0.49 per kWh,,,,,,,,,,
1107,ELEC,RANCHOPALISADES RM - 1,4849 Frankford Rd,,Dallas,TX,75287,,888-758-4389,E,,Public,24 hours daily,,,,,,2.0,,,ChargePoint Network,http://www.chargepoint.com/,GPS,32.999763,-96.822931,2022-10-30,168331,2022-10-30 01:08:58 UTC,,,,2020-11-12,,,,,J1772,US,,,,Public,,public,,,,,,,,,,,,,,,,,,,,
1116,ELEC,Childrens Health Dallas - Tesla Destination,1935 Medical District Dr,,Dallas,TX,75235,,877-798-3752  877-798-3752,E,,Public,24 hours daily; for customer use only; see front desk for access,,,,,,10.0,,,Tesla Destination,https://www.tesla.com/destination-charging,200-9,32.809191,-96.837838,2020-11-03,168679,2021-03-11 23:22:17 UTC,P,,,2020-11-03,,,,,J1772 TESLA,US,,,,Public,,public,,,,,,,,,,Free,,,,,,,,,,
1118,ELEC,Childrens Health Trinity Towers - Tesla Destination,277 N Stemmons Fwy,,Dallas,TX,75207,,877-798-3752  877-798-3752,E,,Public,24 hours daily; for customer use only; see front desk for access,,,,,,5.0,,,Tesla Destination,https://www.tesla.com/destination-charging,200-8,32.779257,-96.812383,2020-11-03,168681,2021-03-11 23:22:17 UTC,P,,,2020-11-03,,,,,J1772 TESLA,US,,,,Public,,public,,,,,,,,,,Free,,,,,,,,,,
1119,ELEC,Commerce Street - Tesla Destination,2109 Commerce St,,Dallas,TX,75201,,877-798-3752  877-798-3752,E,,Public,24 hours daily; for customer use only; see front desk for access,,,,,,2.0,,,Tesla Destination,https://www.tesla.com/destination-charging,200-9,32.781665,-96.791743,2020-11-03,168700,2021-03-11 23:22:17 UTC,P,,,2020-11-03,,,,,TESLA,US,,,,Public,,public,,,,,,,,,,Free,,,,,,,,,,
1122,ELEC,Dallas High School Renovation - Tesla Destination,2218 Bryan St,,Dallas,TX,75201,,877-798-3752  877-798-3752,E,,Public,24 hours daily; for customer use only; see front desk for access,,,,,,8.0,,,Tesla Destination,https://www.tesla.com/destination-charging,200-8,32.785896,-96.794768,2020-11-03,168724,2021-03-11 23:22:17 UTC,P,,,2020-11-03,,,,,J1772 TESLA,US,,,,Public,,public,,,,,,,,,,Free,,,,,,,,,,
1123,ELEC,Dallas National Golf Club - Tesla Destination,1515 Knoxville St,,Dallas,TX,75211,,877-798-3752  877-798-3752,E,,Public,24 hours daily; for customer use only; see front desk for access,,,,,,2.0,,,Tesla Destination,https://www.tesla.com/destination-charging,200-8,32.729056,-96.900413,2020-11-03,168725,2021-03-11 23:22:17 UTC,P,,,2020-11-03,,,,,TESLA,US,,,,Public,,public,,,,,,,,,,Free,,,,,,,,,,
1147,ELEC,Rogers-OBrien Construction Co. - Tesla Destination,1901 Regal Row,,Dallas,TX,75235,,877-798-3752  877-798-3752,E,,Public,24 hours daily; for customer use only; see front desk for access,,,,,,2.0,,,Tesla Destination,https://www.tesla.com/destination-charging,200-9,32.837405,-96.868353,2020-11-03,169079,2021-03-11 23:22:17 UTC,P,,,2020-11-03,,,,,TESLA,US,,,,Public,,public,,,,,,,,,,Free,,,,,,,,,,
1158,ELEC,Sterling Fabrication Technology - Tesla Destination,2707 W Mockingbird Ln,,Dallas,TX,75235,,877-798-3752  877-798-3752,E,,Public,24 hours daily; for customer use only; see front desk for access,,,,,,4.0,,,Tesla Destination,https://www.tesla.com/destination-charging,200-9,32.829916,-96.84296,2020-11-03,169137,2021-03-11 23:22:17 UTC,P,,,2020-11-03,,,,,TESLA,US,,,,Public,,public,,,,,,,,,,Free,,,,,,,,,,
1170,ELEC,DAL PARKING DAL GARAGE B2,8008 Herb Kelleher Way Parking Garage B,,Dallas,TX,75235,,888-758-4389,E,,Public,24 hours daily,,,,,,2.0,,,ChargePoint Network,http://www.chargepoint.com/,GPS,32.842029,-96.848096,2022-10-30,169459,2022-10-30 00:53:56 UTC,,,,2020-11-25,,,,,J1772,US,,,,Public,,public,,,,,,,,,,,,,,,,,,,,
1171,ELEC,PLATINUM PARK 2100 ROSS EV,2100 Ross Ave.,,Dallas,TX,75201,,888-758-4389,E,,Public,24 hours daily,,,,,,2.0,,,ChargePoint Network,http://www.chargepoint.com/,GPS,32.787218,-96.797536,2022-10-30,169526,2022-10-30 00:55:40 UTC,,,,2020-11-30,,,,,J1772,US,,,,Public,,public,,,,,,,,,,,,,,,,,,,,
1215,ELEC,BMW OF DALLAS STATION 02,6200 Lemmon Ave,,Dallas,TX,75209,,888-758-4389,T,2022-10-29,TEMPORARILY UNAVAILABLE (Public),24 hours daily,,,,,,2.0,,,ChargePoint Network,http://www.chargepoint.com/,GPS,32.834384,-96.828515,2022-10-30,172086,2022-10-30 00:42:32 UTC,,,,2021-01-27,,,,,J1772,US,,,,TEMPORAIREMENT SUSPENDU (Public),,public,,,,,,,,,,,,,,,,,,,,
1232,ELEC,DAL PARKING DAL GARAGE A2,Parking Garage A,,Dallas,TX,75235,,888-758-4389,E,,Public,24 hours daily,,,,,,2.0,,,ChargePoint Network,http://www.chargepoint.com/,GPS,32.843425,-96.8494,2022-10-30,173127,2022-10-30 00:53:56 UTC,,,,2021-01-27,,,,,J1772,US,,,,Public,,public,,,,,,,,,,,,,,,,,,,,
1233,ELEC,DAL PARKING DAL GARAGE A1,Parking Garage A,,Dallas,TX,75235,,888-758-4389,E,,Public,24 hours daily,,,,,,2.0,,,ChargePoint Network,http://www.chargepoint.com/,GPS,32.843292,-96.849226,2022-10-30,173128,2022-10-30 00:54:29 UTC,,,,2021-01-27,,,,,J1772,US,,,,Public,,public,,,,,,,,,,,,,,,,,,,,
1234,ELEC,DAL PARKING DAL GARAGE A3,Parking Garage A,,Dallas,TX,75235,,888-758-4389,E,,Public,24 hours daily,,,,,,2.0,,,ChargePoint Network,http://www.chargepoint.com/,GPS,32.843432,-96.849392,2022-10-30,173129,2022-10-30 00:53:56 UTC,,,,2021-01-27,,,,,J1772,US,,,,Public,,public,,,,,,,,,,,,,,,,,,,,
1298,ELEC,PLATINUM PARK UNIT 2,2000 Ross Ave,,Dallas,TX,75201,,888-758-4389,T,2022-10-15,TEMPORARILY UNAVAILABLE (Public),24 hours daily,,,,,,2.0,,,ChargePoint Network,http://www.chargepoint.com/,GPS,32.787137,-96.798721,2022-10-30,173973,2022-10-30 00:58:18 UTC,,,,2021-01-27,,,,,J1772,US,,,,TEMPORAIREMENT SUSPENDU (Public),,public,,,,,,,,,,,,,,,,,,,,
1299,ELEC,PLATINUM PARK UNIT 1,2000 Ross Ave,,Dallas,TX,75201,,888-758-4389,T,2022-10-23,TEMPORARILY UNAVAILABLE (Public),24 hours daily,,,,,,1.0,,,ChargePoint Network,http://www.chargepoint.com/,GPS,32.786877,-96.798746,2022-10-30,173974,2022-10-30 00:58:17 UTC,,,,2021-01-27,,,,,J1772,US,,,,TEMPORAIREMENT SUSPENDU (Public),,public,,,,,,,,,,,,,,,,,,,,
1303,ELEC,2300NORTHAKARD P4 RES GARAGE,2323 N. Akard Street,,Dallas,TX,75201,,888-758-4389,E,,Public,24 hours daily,,,,,,2.0,,,ChargePoint Network,http://www.chargepoint.com/,GPS,32.789545,-96.80631,2022-10-30,174152,2022-10-30 00:58:01 UTC,,,,2021-01-27,,,,,J1772,US,,,,Public,,public,,,,,,,,,,,,,,,,,,,,
1304,ELEC,2300NORTHAKARD P5 UPPER GARAGE,2323 N. Akard Street,,Dallas,TX,75201,,888-758-4389,E,,Public,24 hours daily,,,,,,1.0,,,ChargePoint Network,http://www.chargepoint.com/,GPS,32.789563,-96.80627,2022-10-30,174153,2022-10-30 00:58:03 UTC,,,,2021-01-27,,,,,J1772,US,,,,Public,,public,,,,,,,,,,,,,,,,,,,,
1305,ELEC,2300NORTHAKARD B1 TOM THUMB,2380 N Field St,,Dallas,TX,75201,,888-758-4389,E,,Public,24 hours daily,,,,,,2.0,,,ChargePoint Network,http://www.chargepoint.com/,GPS,32.78914,-96.806769,2022-10-30,174154,2022-10-30 00:58:01 UTC,,,,2021-01-27,,,,,J1772,US,,,,Public,,public,,,,,,,,,,,,,,,,,,,,
1306,ELEC,2300NORTHAKARD B3 LOWER GARAGE,2380 N Field St,,Dallas,TX,75201,,888-758-4389,E,,Public,24 hours daily,,,,,,2.0,,,ChargePoint Network,http://www.chargepoint.com/,GPS,32.789123,-96.806792,2022-10-30,174155,2022-10-30 00:58:03 UTC,,,,2021-01-27,,,,,J1772,US,,,,Public,,public,,,,,,,,,,,,,,,,,,,,
1321,ELEC,BC STATION 1 STATION 1,3130 N Harwood St,,Dallas,TX,75201,,888-758-4389,E,,Public,24 hours daily,,,,,,2.0,,,ChargePoint Network,http://www.chargepoint.com/,GPS,32.797466,-96.811703,2022-10-30,174382,2022-10-30 01:00:10 UTC,,,,2021-01-27,,,,,J1772,US,,,,Public,,public,,,,,,,,,,,,,,,,,,,,
1366,ELEC,DHM-GARAGE STATION 3,301 N Houston St,,Dallas,TX,75202,,888-758-4389,T,2022-09-09,TEMPORARILY UNAVAILABLE (Public),24 hours daily,,,,,,2.0,,,ChargePoint Network,http://www.chargepoint.com/,GPS,32.780907,-96.808815,2022-10-30,175259,2022-10-30 01:04:15 UTC,,,,2021-01-27,,,,,J1772,US,,,,TEMPORAIREMENT SUSPENDU (Public),,public,,,,,,,,,,,,,,,,,,,,
1367,ELEC,DHM-GARAGE STATION 2,301 N Houston St,,Dallas,TX,75202,,888-758-4389,T,2022-09-09,TEMPORARILY UNAVAILABLE (Public),24 hours daily,,,,,,2.0,,,ChargePoint Network,http://www.chargepoint.com/,GPS,32.78091,-96.80876,2022-10-30,175260,2022-10-30 01:04:15 UTC,,,,2021-01-27,,,,,J1772,US,,,,TEMPORAIREMENT SUSPENDU (Public),,public,,,,,,,,,,,,,,,,,,,,
1368,ELEC,DHM-GARAGE STATION 1,301 N Houston St,,Dallas,TX,75202,,888-758-4389,T,2022-09-09,TEMPORARILY UNAVAILABLE (Public),24 hours daily,,,,,,1.0,,,ChargePoint Network,http://www.chargepoint.com/,GPS,32.78091,-96.808754,2022-10-30,175261,2022-10-30 00:58:52 UTC,,,,2021-01-27,,,,,J1772,US,,,,TEMPORAIREMENT SUSPENDU (Public),,public,,,,,,,,,,,,,,,,,,,,
1373,ELEC,2000 MCKINNEY STATION #2,2000 McKinney Ave,,Dallas,TX,75201,,888-758-4389,E,,Public,24 hours daily,,,,,,2.0,,,ChargePoint Network,http://www.chargepoint.com/,GPS,32.790656,-96.80298,2022-10-30,175331,2022-10-30 01:04:06 UTC,,,,2021-01-27,,,,,J1772,US,,,,Public,,public,,,,,,,,,,,,,,,,,,,,
1381,ELEC,DAL PARKING DAL GARAGE C1,7816 Aviation Place,,Dallas,TX,75235,,888-758-4389,E,,Public,24 hours daily,,,,,,2.0,,,ChargePoint Network,http://www.chargepoint.com/,GPS,32.843562,-96.847644,2022-10-30,180183,2022-10-30 00:52:30 UTC,,,,2021-01-27,,,,,J1772,US,,,,Public,,public,,,,,,,,,,,,,,,,,,,,
1382,ELEC,DAL PARKING DAL GARAGE C3,7816 Aviation Place,,Dallas,TX,75235,,888-758-4389,E,,Public,24 hours daily,,,,,,2.0,,,ChargePoint Network,http://www.chargepoint.com/,GPS,32.843614,-96.847635,2022-10-30,180184,2022-10-30 00:52:18 UTC,,,,2021-01-27,,,,,J1772,US,,,,Public,,public,,,,,,,,,,,,,,,,,,,,
1383,ELEC,DAL PARKING DAL GARAGE C2,7816 Aviation Place,,Dallas,TX,75235,,888-758-4389,E,,Public,24 hours daily,,,,,,2.0,,,ChargePoint Network,http://www.chargepoint.com/,GPS,32.843498,-96.847648,2022-10-30,180185,2022-10-30 00:52:18 UTC,,,,2021-01-27,,,,,J1772,US,,,,Public,,public,,,,,,,,,,,,,,,,,,,,
1384,ELEC,DAL PARKING DAL GARAGE C4,7816 Aviation Place,,Dallas,TX,75235,,888-758-4389,E,,Public,24 hours daily,,,,,,2.0,,,ChargePoint Network,http://www.chargepoint.com/,GPS,32.843662,-96.84763,2022-10-30,180186,2022-10-30 00:52:18 UTC,,,,2021-01-27,,,,,J1772,US,,,,Public,,public,,,,,,,,,,,,,,,,,,,,
1385,ELEC,DAL PARKING DAL GARAGE C5,7816 Aviation Place,,Dallas,TX,75235,,888-758-4389,E,,Public,24 hours daily,,,,,,2.0,,,ChargePoint Network,http://www.chargepoint.com/,GPS,32.843708,-96.847624,2022-10-30,180187,2022-10-30 00:52:18 UTC,,,,2021-01-27,,,,,J1772,US,,,,Public,,public,,,,,,,,,,,,,,,,,,,,
1417,ELEC,ASH ASH 3 LVL1 RMP,4668 Amesbury Dr,,Dallas,TX,75206,,888-758-4389,E,,Public,24 hours daily,,,,,,2.0,,,ChargePoint Network,http://www.chargepoint.com/,GPS,32.84195,-96.763207,2022-10-30,180226,2022-10-30 00:51:15 UTC,,,,2021-01-27,,,,,J1772,US,,,,Public,,public,,,,,,,,,,,,,,,,,,,,
1437,ELEC,MCKINNEY&OLIVE M&O STAT2,2021 McKinney Ave,,Dallas,TX,75201,,888-758-4389,E,,Public,24 hours daily,,,,,,2.0,,,ChargePoint Network,http://www.chargepoint.com/,GPS,32.791356,-96.804468,2022-10-30,180252,2022-10-30 00:49:08 UTC,,,,2021-01-27,,,,,J1772,US,,,,Public,,public,,,,,,,,,,,,,,,,,,,,
1443,ELEC,GABLES MCKINNEY STATION 1,2500 McKinney Ave,,Dallas,TX,75201,,888-758-4389,T,2022-10-30,TEMPORARILY UNAVAILABLE (Public),24 hours daily,,,,,,1.0,,,ChargePoint Network,http://www.chargepoint.com/,GPS,32.795311,-96.80172,2022-10-30,180265,2022-10-30 00:46:48 UTC,,,,2021-01-27,,,,,J1772,US,,,,TEMPORAIREMENT SUSPENDU (Public),,public,,,,,,,,,,,,,,,,,,,,
1455,ELEC,WHOLE FOODS MKT MCKINNEY STAT 1,2510 McKinney Ave,,Dallas,TX,75201,,888-758-4389,E,,Public,24 hours daily,,,,,,2.0,,,ChargePoint Network,http://www.chargepoint.com/,GPS,32.795617,-96.801739,2022-10-30,180289,2022-10-30 00:46:00 UTC,,,,2021-01-27,,,,,J1772,US,,,,Public,,public,,,,,,,,,,,,,,,,,,,,
1463,ELEC,THE ALEXAN EV STATION 02,3333 Harry Hines Blvd,,Dallas,TX,75201,,888-758-4389,E,,Public,24 hours daily,,,,,,2.0,,,ChargePoint Network,http://www.chargepoint.com/,GPS,32.797275,-96.813839,2022-10-30,180298,2022-10-30 00:45:33 UTC,,,,2021-01-27,,,,,J1772,US,,,,Public,,public,,,,,,,,,,,,,,,,,,,,
1490,ELEC,AMF DALLAS AMELIA-2,912 Park Ave,,Dallas,TX,75201,,888-758-4389,E,,Public,24 hours daily,,,,,,2.0,,,ChargePoint Network,http://www.chargepoint.com/,GPS,32.77688,-96.79158,2022-10-30,180643,2022-10-30 01:03:19 UTC,,,,2021-01-27,,,,,J1772,US,,,,Public,,public,,,,,,,,,,,,,,,,,,,,
1534,ELEC,STA STATION 2,8190 Manderville Lane,,Dallas,TX,75231,,888-758-4389,E,,Public,24 hours daily,,,,,,2.0,,,ChargePoint Network,http://www.chargepoint.com/,GPS,32.892139,-96.766529,2022-10-30,181541,2022-10-30 01:08:16 UTC,,,,2021-01-27,,,,,J1772,US,,,,Public,,public,,,,,,,,,,,,,,,,,,,,
1535,ELEC,STA STATION 3,8190 Manderville Lane,,Dallas,TX,75231,,888-758-4389,E,,Public,24 hours daily,,,,,,2.0,,,ChargePoint Network,http://www.chargepoint.com/,GPS,32.892294,-96.766526,2022-10-30,181542,2022-10-30 01:08:16 UTC,,,,2021-01-27,,,,,J1772,US,,,,Public,,public,,,,,,,,,,,,,,,,,,,,
1549,ELEC,CHPT KOHL'S CSOC3,17655 Waterview Pkwy,,Dallas,TX,75252,,888-758-4389,T,2022-09-09,TEMPORARILY UNAVAILABLE (Public),Mon 7:00am - 10:00pm; Tue 7:00am - 10:00pm; Wed 7:00am - 10:00pm; Thu 7:00am - 10:00pm; Fri 7:00am - 10:00pm; Sat 7:00am - 10:00pm; Sun 7:00am - 10:00pm,,,,,,2.0,,,ChargePoint Network,http://www.chargepoint.com/,GPS,32.987966,-96.757311,2022-10-30,182343,2022-10-30 00:42:46 UTC,,,,2021-01-27,,,,,J1772,US,,,,TEMPORAIREMENT SUSPENDU (Public),,public,,,,,,,,,,,,,,,,,,,,
1577,ELEC,TOLLWAY CENTER EAST UNIT,14675 Dallas Pkwy,,Dallas,TX,75254,,888-758-4389,E,,Public,24 hours daily,,,,,,2.0,,,ChargePoint Network,http://www.chargepoint.com/,GPS,32.946167,-96.82486,2022-10-30,183113,2022-10-30 01:00:05 UTC,,,,2021-01-27,,,,,J1772,US,,,,Public,,public,,,,,,,,,,,,,,,,,,,,
1594,ELEC,VISN 17/DALLAS VAMC / 549,4500 S Lancster Rd,,Dallas,TX,75216,,,E,,Private - Government only,Accepts fleet card,,,,,,1.0,,,Non-Networked,,GPS,32.694815,-96.789759,2021-02-22,184343,2021-08-04 00:01:52 UTC,FG,19.0,Department of Veterans Affairs,2021-01-15,,,,,J1772,US,,,,Privé - Réservé au gouvernement,,private,GOVERNMENT,VA,FED_GOV,,,,,,,$0.13 per kWh,,,,,,,,,,
1614,ELEC,Providence Towers,5001 Spring Valley,,Dallas,TX,75244,,888-998-2546,E,,Public,MON: 24 hours | TUE: 24 hours | WED: 24 hours | THU: 24 hours | FRI: 24 hours | SAT: 24 hours | SUN: 24 hours,,,,,,1.0,,,Blink Network,http://www.blinkcharging.com/,GPS,32.9399677,-96.8235845,2022-10-05,184859,2022-10-05 22:55:52 UTC,,,,2021-02-11,,,,,J1772,US,,,,Public,,public,,,,,,,,,,Level 2: $0.49 per kWh,,,,,,,,,,
1665,ELEC,JLB BUILDERS ASH 1 GRD FL OF,4668 Amesbury Dr,,Dallas,TX,75206,,888-758-4389,E,,Public,24 hours daily,,,,,,2.0,,,ChargePoint Network,http://www.chargepoint.com/,GPS,32.841996,-96.763207,2022-10-30,187346,2022-10-30 01:11:31 UTC,,,,2021-04-10,,,,,J1772,US,,,,Public,,public,,,,,,,,,,,,,,,,,,,,
1684,ELEC,CAMDEN VICTORY STATION 1,2787 N Houston St,,Dallas,TX,75201,,888-758-4389,T,2022-09-09,TEMPORARILY UNAVAILABLE (Public),24 hours daily,,,,,,2.0,,,ChargePoint Network,http://www.chargepoint.com/,GPS,32.79242,-96.811822,2022-10-30,189231,2022-10-30 01:08:55 UTC,,,,2021-05-05,,,,,J1772,US,,,,TEMPORAIREMENT SUSPENDU (Public),,public,,,,,,,,,,,,,,,,,,,,
1686,ELEC,THE STACK TSDE EVC #1,2700 Commerce St,,Dallas,TX,75226,,888-758-4389,E,,Public,24 hours daily,,,,,,2.0,,,ChargePoint Network,http://www.chargepoint.com/,GPS,32.782826,-96.784387,2022-10-30,189289,2022-10-30 01:10:17 UTC,,,,2021-05-06,,,,,J1772,US,,,,Public,,public,,,,,,,,,,,,,,,,,,,,
1687,ELEC,THE STACK TSDE EVC #2,2700 Commerce St,,Dallas,TX,75226,,888-758-4389,E,,Public,24 hours daily,,,,,,2.0,,,ChargePoint Network,http://www.chargepoint.com/,GPS,32.782844,-96.784296,2022-10-30,189290,2022-10-30 01:10:18 UTC,,,,2021-05-06,,,,,J1772,US,,,,Public,,public,,,,,,,,,,,,,,,,,,,,
1724,ELEC,MAPLE GARAGE MAPLE GARAGE,5413 Maple Ave.,,Dallas,TX,75235,,888-758-4389,E,,Public,24 hours daily,,,,,,2.0,,,ChargePoint Network,http://www.chargepoint.com/,GPS,32.815584,-96.831592,2022-10-30,191051,2022-10-30 01:10:39 UTC,,,,2021-06-17,,,,,J1772,US,,,,Public,,public,,,,,,,,,,,,,,,,,,,,
1743,ELEC,OAP EV CHARGERS OAP #2,1724 Routh St,,Dallas,TX,75201,,888-758-4389,E,,Public,24 hours daily,,,,,,2.0,,,ChargePoint Network,http://www.chargepoint.com/,GPS,32.792057,-96.795137,2022-10-30,192720,2022-10-30 01:12:50 UTC,,,,2021-07-10,,,,,J1772,US,,,,Public,,public,,,,,,,,,,,,,,,,,,,,
1744,ELEC,OAP EV CHARGERS OAP #3,1722 Routh St,,Dallas,TX,75201,,888-758-4389,E,,Public,24 hours daily,,,,,,2.0,,,ChargePoint Network,http://www.chargepoint.com/,GPS,32.791967,-96.795126,2022-10-30,192721,2022-10-30 01:12:50 UTC,,,,2021-07-10,,,,,J1772,US,,,,Public,,public,,,,,,,,,,,,,,,,,,,,
1746,ELEC,MARRIOTT UPTOWN STATION 1,3005 Fairmount St,,Dallas,TX,75201,,888-758-4389,E,,Public,24 hours daily,,,,,,1.0,,,ChargePoint Network,http://www.chargepoint.com/,GPS,32.79873,-96.80664,2022-10-30,192862,2022-10-30 01:12:05 UTC,,,,2021-07-15,,,,,J1772,US,,,,Public,,public,,,,,,,,,,,,,,,,,,,,
1747,ELEC,MARRIOTT UPTOWN STATION 2,3005 Fairmount St,,Dallas,TX,75201,,888-758-4389,E,,Public,24 hours daily,,,,,,2.0,,,ChargePoint Network,http://www.chargepoint.com/,GPS,32.798687,-96.80671,2022-10-30,192863,2022-10-30 01:12:05 UTC,,,,2021-07-15,,,,,J1772,US,,,,Public,,public,,,,,,,,,,,,,,,,,,,,
1761,ELEC,FRANKFORD EF-1,7575 Frankford Rd,,Dallas,TX,75252,,888-758-4389,E,,Public,24 hours daily,,,,,,2.0,,,ChargePoint Network,http://www.chargepoint.com/,GPS,32.999152,-96.772665,2022-10-30,193182,2022-10-30 01:04:53 UTC,,,,2021-07-27,,,,,J1772,US,,,,Public,,public,,,,,,,,,,,,,,,,,,,,
1765,ELEC,Atelier Apartments,1801 North Pearl Street,,Dallas,TX,75201,,800-663-5633,E,,Public,MO: Not Specified; TU: Not Specified; WE: Not Specified; TH: Not Specified; FR: Not Specified; SA: Not Specified; SU: Not Specified,,,,,,4.0,,,SemaCharge Network,https://semaconnect.com/,GPS,32.7889366,-96.7994003,2022-10-30,193319,2022-10-30 00:34:18 UTC,,,,2021-07-30,,,,,J1772,US,,,,Public,,public,,,,,,,,,,FREE,,,,,,,,,,
1767,ELEC,Nove at Knox - 2nd Floor - South,3031 Oliver Street,"units under repair. Chargers are on the 
2nd floor at the South end of the 
garage.
",Dallas,TX,75205,,888-998-2546,T,2022-09-08,TEMPORARILY UNAVAILABLE (Public),MON: 24 hours | TUE: 24 hours | WED: 24 hours | THU: 24 hours | FRI: 24 hours | SAT: 24 hours | SUN: 24 hours,,,,,,2.0,,,Blink Network,http://www.blinkcharging.com/,GPS,32.818181,-96.788766,2022-10-05,193373,2022-10-05 22:57:57 UTC,,,,2021-07-30,,,,,J1772,US,,,,TEMPORAIREMENT SUSPENDU (Public),,public,,,,,,,,,,Level 2: $0.49 per kWh,,,,,,,,,,
1768,ELEC,Nove at Knox - 2nd Floor - North,3031 Oliver Street,"Chargers are on the 2nd floor at the 
North end of the garage.
",Dallas,TX,75205,,888-998-2546,T,2022-09-08,TEMPORARILY UNAVAILABLE (Public),MON: 24 hours | TUE: 24 hours | WED: 24 hours | THU: 24 hours | FRI: 24 hours | SAT: 24 hours | SUN: 24 hours,,,,,,1.0,,,Blink Network,http://www.blinkcharging.com/,GPS,32.818574,-96.78852,2022-10-05,193374,2022-10-05 22:57:57 UTC,,,,2021-07-30,,,,,J1772,US,,,,TEMPORAIREMENT SUSPENDU (Public),,public,,,,,,,,,,Level 2: $0.49 per kWh,,,,,,,,,,
1780,ELEC,The Hudson station location,4805 McKinney Avenue,,Dallas,TX,75205,,800-663-5633,E,,Public,MO: Not Specified; TU: Not Specified; WE: Not Specified; TH: Not Specified; FR: Not Specified; SA: Not Specified; SU: Not Specified,,,,,,2.0,,,SemaCharge Network,https://semaconnect.com/,GPS,32.8264014,-96.7860831,2022-10-30,193833,2022-10-30 00:34:18 UTC,,,,2021-08-13,,,,,J1772,US,,,,Public,,public,,,,,,,,,,FREE,,,,,,,,,,
1797,ELEC,2828 Apartments,2828 Woodside Street,,Dallas,TX,75204,,888-998-2546,E,,Private,MON: 24 hours | TUE: 24 hours | WED: 24 hours | THU: 24 hours | FRI: 24 hours | SAT: 24 hours | SUN: 24 hours,,,,,,2.0,,,Blink Network,http://www.blinkcharging.com/,GPS,32.797956,-96.799705,2022-10-05,194649,2022-10-05 22:55:59 UTC,,,,2021-08-28,,,,,J1772,US,,,,Privé,,private,,,,,,,,,,Level 2: $0.39 per kWh,,,,,,,,,,
1805,ELEC,FOURTEEN5 Northeast Lot,14555 Dallas Parkway,,Dallas,TX,75254,,800-663-5633,E,,Public,MO: Not Specified; TU: Not Specified; WE: Not Specified; TH: Not Specified; FR: Not Specified; SA: Not Specified; SU: Not Specified,,,,,,2.0,,,SemaCharge Network,https://semaconnect.com/,GPS,32.9435587,-96.8229379,2022-10-30,194896,2022-10-30 00:34:18 UTC,,,,2021-09-02,,,,,J1772,US,,,,Public,,public,,,,,,,,,,FREE,,,,,,,,,,
1807,ELEC,GTC BUILDING 1 GTC BUILDING 1,3427 Cedar Springs Rd,,Dallas,TX,75219,,888-758-4389,E,,Public,24 hours daily,,,,,,2.0,,,ChargePoint Network,http://www.chargepoint.com/,GPS,32.805955,-96.805674,2022-10-30,195101,2022-10-30 01:14:14 UTC,,,,2021-09-04,,,,,J1772,US,,,,Public,,public,,,,,,,,,,,,,,,,,,,,
1813,ELEC,Cypress of Trinity Grove,320 singleton boulevard,,Dallas,TX,75212,,800-663-5633,E,,Public,MO: Not Specified; TU: Not Specified; WE: Not Specified; TH: Not Specified; FR: Not Specified; SA: Not Specified; SU: Not Specified,,,,,,1.0,,,SemaCharge Network,https://semaconnect.com/,GPS,32.7775001,-96.8309309,2022-10-30,195370,2022-10-30 00:34:18 UTC,,,,2021-09-06,,,,,J1772,US,,,,Public,,public,,,,,,,,,,FREE,,,,,,,,,,
1818,ELEC,Parkview at 1920 McKinney location,"1920 McKinney Ave, Suite 110",,Dallas,TX,75201,,800-663-5633,E,,Public,MO: Not Specified; TU: Not Specified; WE: Not Specified; TH: Not Specified; FR: Not Specified; SA: Not Specified; SU: Not Specified,,,,,,2.0,,,SemaCharge Network,https://semaconnect.com/,GPS,32.7901241,-96.8035094,2022-10-30,195631,2022-10-30 00:34:18 UTC,,,,2021-09-08,,,,,J1772,US,,,,Public,,public,,,,,,,,,,"$0.00-$10.00/Hr Variable Parking Fee, $0.39-$0.49/kWh Variable Energy Fee",,,,,,,,,,
1832,ELEC,505 N ERVAY LEFT STATION,505 N Ervay St,,Dallas,TX,75201,,888-758-4389,E,,Public,24 hours daily,,,,,,2.0,,,ChargePoint Network,http://www.chargepoint.com/,GPS,32.784001,-96.799198,2022-10-30,196007,2022-10-30 01:11:00 UTC,,,,2021-09-17,,,,,J1772,US,,,,Public,,public,,,,,,,,,,,,,,,,,,,,
1833,ELEC,505 N ERVAY RIGHT STATION,505 N Ervay St,,Dallas,TX,75201,,888-758-4389,E,,Public,24 hours daily,,,,,,2.0,,,ChargePoint Network,http://www.chargepoint.com/,GPS,32.784137,-96.799393,2022-10-30,196008,2022-10-30 01:11:00 UTC,,,,2021-09-17,,,,,J1772,US,,,,Public,,public,,,,,,,,,,,,,,,,,,,,
1869,ELEC,The Addison,14951 Dallas Pkwy,,Dallas,TX,75254,,,E,,Public - Credit card at all times,24 hours daily,A D Debit M V,,,,,4.0,,,Non-Networked,,GPS,32.9529579853803,-96.8236362294615,2021-11-04,197459,2022-02-10 19:42:29 UTC,P,,,2021-10-04,,,,,J1772,US,,,,Public - Carte de crédit en tout temps,,public,CREDIT_CARD_ALWAYS,,MULTI_UNIT_DWELLING,,,,,,,,,,,,,,,,,True
1875,ELEC,Ardan West Village 3rd Floor,2975 Blackburn Street,"Chargers under repair.

The chargers at this location are under 
repairs.
",Dallas,TX,75204,,888-998-2546,E,,Public,MON: 24 hours | TUE: 24 hours | WED: 24 hours | THU: 24 hours | FRI: 24 hours | SAT: 24 hours | SUN: 24 hours,,,,,,9.0,,,Blink Network,http://www.blinkcharging.com/,GPS,32.807385,-96.794529,2022-10-05,197578,2022-10-05 22:56:36 UTC,,,,2021-10-09,,,,,J1772,US,,,,Public,,public,,,,,,,,,,Level 2: $0.49 per kWh,,,,,,,,,,
1876,ELEC,Ardan West Village 2nd Floor,2975 Blackburn Street,".

The chargers at this location are under 
repairs.
",Dallas,TX,75204,,888-998-2546,E,,Public,MON: 24 hours | TUE: 24 hours | WED: 24 hours | THU: 24 hours | FRI: 24 hours | SAT: 24 hours | SUN: 24 hours,,,,,,9.0,,,Blink Network,http://www.blinkcharging.com/,GPS,32.807445,-96.794601,2022-10-05,197579,2022-10-05 22:56:36 UTC,,,,2021-10-09,,,,,J1772,US,,,,Public,,public,,,,,,,,,,Level 2: $0.49 per kWh,,,,,,,,,,
1888,ELEC,REAL ESTATE OPS HQ 5ATT,301 S Akard St,,Dallas,TX,75202,,888-758-4389,E,,Public,24 hours daily,,,,,,2.0,,,ChargePoint Network,http://www.chargepoint.com/,GPS,32.778679,-96.799669,2022-10-30,197826,2022-10-30 01:05:41 UTC,,,,2021-10-16,,,,,J1772,US,,,,Public,,public,,,,,,,,,,,,,,,,,,,,
1893,ELEC,2401CS#01 2401 CS-1,2401 Cedar Springs Rd Suite 110,,Dallas,TX,75201,,888-758-4389,E,,Public,24 hours daily,,,,,,2.0,,,ChargePoint Network,http://www.chargepoint.com/,GPS,32.797347,-96.805923,2022-10-30,198120,2022-10-30 01:05:16 UTC,,,,2021-10-23,,,,,J1772,US,,,,Public,,public,,,,,,,,,,,,,,,,,,,,
1898,ELEC,PARK PLACE DALL CLIENT STATION,Lemmon at Haggar - N - NS,,Dallas,TX,75209,,888-758-4389,E,,Public,24 hours daily,,,,,,2.0,,,ChargePoint Network,http://www.chargepoint.com/,GPS,32.833148,-96.829596,2022-10-30,199082,2022-10-30 01:13:06 UTC,,,,2021-10-26,,,,,J1772,US,,,,Public,,public,,,,,,,,,,,,,,,,,,,,
1912,ELEC,Gables Villa Rosa,2650 Cedar Springs Road,"Located in the visitor parking garage - 
access via the circular driveway off 
Cedar Springs Road
",Dallas,TX,75201,,888-998-2546,E,,Public,MON: 24 hours | TUE: 24 hours | WED: 24 hours | THU: 24 hours | FRI: 24 hours | SAT: 24 hours | SUN: 24 hours,,,,,,1.0,,,Blink Network,http://www.blinkcharging.com/,GPS,32.80017,-96.80479,2022-10-05,200722,2022-10-05 22:55:20 UTC,,,,2021-11-08,,,,,J1772,US,,,,Public,,public,,,,,,,,,,Free,,,,,,,,,,
1917,ELEC,Gables Park 17,1700 Cedar Springs Road,"Located on the ground level in the SW 
corner of the garage
",Dallas,TX,75202,,888-998-2546,E,,Public,MON: 24 hours | TUE: 24 hours | WED: 24 hours | THU: 24 hours | FRI: 24 hours | SAT: 24 hours | SUN: 24 hours,,,,,,3.0,,,Blink Network,http://www.blinkcharging.com/,GPS,32.788943,-96.805579,2022-10-05,200963,2022-10-05 22:55:31 UTC,,,,2021-11-10,,,,,J1772,US,,,,Public,,public,,,,,,,,,,Level 2: $0.49 per kWh,,,,,,,,,,
1925,ELEC,The Shops at Park Lane - Tesla Supercharger,8080 Park Ln,,Dallas,TX,75231,,877-798-3752,E,,Public - Credit card at all times,24 hours daily,A D Debit M V,,,,,,16.0,,Tesla,https://www.tesla.com/supercharger,GPS,32.867639,-96.767245,2021-12-09,201317,2022-02-10 19:42:29 UTC,P,,,2021-11-14,,,,,TESLA,US,,,,Public - Carte de crédit en tout temps,,public,CREDIT_CARD_ALWAYS,,SHOPPING_MALL,,,,,,,,,,,,,,,,,False
1935,ELEC,The Monterey by Windsor location,3930 McKinney Avenue,,Dallas,TX,75204,,800-663-5633,E,,Public,MO: Not Specified; TU: Not Specified; WE: Not Specified; TH: Not Specified; FR: Not Specified; SA: Not Specified; SU: Not Specified,,,,,,2.0,,,SemaCharge Network,https://semaconnect.com/,GPS,32.8095625,-96.7933303,2022-10-30,201547,2022-10-30 00:34:18 UTC,,,,2021-11-24,,,,,J1772,US,,,,Public,,public,,,,,,,,,,FREE,,,,,,,,,,
1971,ELEC,MONTEREY STATION 2,3930 McKinney Ave,,Dallas,TX,75204,,888-758-4389,E,,Public,24 hours daily,,,,,,2.0,,,ChargePoint Network,http://www.chargepoint.com/,GPS,32.809532,-96.794158,2022-10-30,202951,2022-10-30 01:14:56 UTC,,,,2021-12-23,,,,,J1772,US,,,,Public,,public,,,,,,,,,,,,,,,,,,,,
2015,ELEC,West Love (South Parking),2345 West Mockingbird Lane,,Dallas,TX,75235,,888-998-2546,E,,Public,MON: 24 hours | TUE: 24 hours | WED: 24 hours | THU: 24 hours | FRI: 24 hours | SAT: 24 hours | SUN: 24 hours,,,,,,2.0,,,Blink Network,http://www.blinkcharging.com/,GPS,32.827446,-96.846656,2022-10-05,205427,2022-10-05 22:58:42 UTC,,,,2022-01-27,,,,,J1772,US,,,,Public,,public,,,,,,,,,,Level 2: $0.49 per kWh,,,,,,,,,,
2016,ELEC,West Love (North Parking),2345 West Mockingbird Lane,,Dallas,TX,75235,,888-998-2546,E,,Public,MON: 24 hours | TUE: 24 hours | WED: 24 hours | THU: 24 hours | FRI: 24 hours | SAT: 24 hours | SUN: 24 hours,,,,,,2.0,,,Blink Network,http://www.blinkcharging.com/,GPS,32.827844,-96.847269,2022-10-05,205428,2022-10-05 22:58:42 UTC,,,,2022-01-27,,,,,J1772,US,,,,Public,,public,,,,,,,,,,Level 2: $0.49 per kWh,,,,,,,,,,
2017,ELEC,The Lookout,9330 Lookout Pte,,Dallas,TX,75231,,800-663-5633,E,,Public,MO: Not Specified; TU: Not Specified; WE: Not Specified; TH: Not Specified; FR: Not Specified; SA: Not Specified; SU: Not Specified,,,,,,2.0,,,SemaCharge Network,https://semaconnect.com/,GPS,32.8776147,-96.7327995,2022-10-30,205436,2022-10-30 00:34:18 UTC,,,,2022-01-28,,,,,J1772,US,,,,Public,,public,,,,,,,,,,"$0.20/Hr Parking Fee , $0.10/kWh Energy Fee",,,,,,,,,,
2028,ELEC,OAP EV CHARGERS OAP #1,1722 Routh St,,Dallas,TX,75201,,888-758-4389,E,,Public,24 hours daily,,,,,,2.0,,,ChargePoint Network,http://www.chargepoint.com/,GPS,32.79232,-96.795444,2022-10-30,205987,2022-10-30 01:13:07 UTC,,,,2022-02-08,,,,,J1772,US,,,,Public,,public,,,,,,,,,,,,,,,,,,,,
2041,ELEC,The Vincent,4607 Timberglen Rd,,Dallas,TX,75287,,800-663-5633,E,,Public,MO: Not Specified; TU: Not Specified; WE: Not Specified; TH: Not Specified; FR: Not Specified; SA: Not Specified; SU: Not Specified,,,,,,2.0,,,SemaCharge Network,https://semaconnect.com/,GPS,33.0039587,-96.8283586,2022-10-30,206466,2022-10-30 00:34:18 UTC,,,,2022-02-17,,,,,J1772,US,,,,Public,,public,,,,,,,,,,FREE,,,,,,,,,,
2072,ELEC,PRESTON COMMONS PC STATION,8115 Preston Rd,,Dallas,TX,75225,,888-758-4389,E,,Public,24 hours daily,,,,,,2.0,,,ChargePoint Network,http://www.chargepoint.com/,GPS,32.861156,-96.80556,2022-10-30,207490,2022-10-30 01:17:10 UTC,,,,2022-03-03,,,,,J1772,US,,,,Public,,public,,,,,,,,,,,,,,,,,,,,
2085,ELEC,CHARGING  A OAK CLIFF GC #1,702 E Jefferson Blvd,,Dallas,TX,75203,,888-758-4389,E,,Public,24 hours daily,,,,,,2.0,,,ChargePoint Network,http://www.chargepoint.com/,GPS,32.748014,-96.813711,2022-10-30,207725,2022-10-30 01:14:01 UTC,,,,2022-03-08,,,,,J1772,US,,,,Public,,public,,,,,,,,,,,,,,,,,,,,
2086,ELEC,CHARGING  A OAK CLIFF GC #2,128 S Lancaster Ave,,Dallas,TX,75203,,888-758-4389,E,,Public,24 hours daily,,,,,,2.0,,,ChargePoint Network,http://www.chargepoint.com/,GPS,32.747481,-96.813679,2022-10-30,207726,2022-10-30 01:14:01 UTC,,,,2022-03-08,,,,,J1772,US,,,,Public,,public,,,,,,,,,,,,,,,,,,,,
2087,ELEC,CHARGING  A OAK CLIFF GC #3,702 E Jefferson Blvd,,Dallas,TX,75203,,888-758-4389,E,,Public,24 hours daily,,,,,,2.0,,,ChargePoint Network,http://www.chargepoint.com/,GPS,32.748014,-96.813701,2022-10-30,207727,2022-10-30 01:14:01 UTC,,,,2022-03-08,,,,,J1772,US,,,,Public,,public,,,,,,,,,,,,,,,,,,,,
2093,ELEC,DALLAS COUNTY G ALLEN GARAGE,601 Commerce St Underground Parking Garage,,Dallas,TX,75202,,888-758-4389,E,,Public,24 hours daily,,,,,,2.0,,,ChargePoint Network,http://www.chargepoint.com/,GPS,32.778909,-96.806958,2022-10-30,211734,2022-10-30 01:09:50 UTC,,,,2022-03-15,,,,,J1772,US,,,,Public,,public,,,,,,,,,,,,,,,,,,,,
2151,ELEC,2401CS#01 2401CS#02,2401 Cedar Springs Rd,,Dallas,TX,75201,,888-758-4389,E,,Public,24 hours daily,,,,,,2.0,,,ChargePoint Network,http://www.chargepoint.com/,GPS,32.797348,-96.805951,2022-10-30,213846,2022-10-30 01:18:56 UTC,,,,2022-04-12,,,,,J1772,US,,,,Public,,public,,,,,,,,,,,,,,,,,,,,
2181,ELEC,Vance @ Bishop Union,111 West Davis Street,,Dallas,TX,75208,,888-998-2546,E,,Public,MON: 24 hours | TUE: 24 hours | WED: 24 hours | THU: 24 hours | FRI: 24 hours | SAT: 24 hours | SUN: 24 hours,,,,,,2.0,,,Blink Network,http://www.blinkcharging.com/,GPS,32.749876289,-96.82332714,2022-10-05,215008,2022-10-05 22:57:23 UTC,,,,2022-04-26,,,,,J1772,US,,,,Public,,public,,,,,,,,,,Level 2: $0.49 per kWh,,,,,,,,,,
2185,ELEC,The Shops at Park Lane - DXL,8080 Park Ln #770,,Dallas,TX,75231,,888-264-2208,E,,Public - Credit card at all times,7am-1am daily,A D Debit M V,,,,,1.0,,,Volta,https://voltacharging.com/,GPS,32.87054082,-96.7692372112234,2022-05-05,216374,2022-05-05 20:22:04 UTC,P,,,2022-04-27,,,,,J1772,US,,,,Public - Carte de crédit en tout temps,,public,CREDIT_CARD_ALWAYS,,SHOPPING_CENTER,,,,,,,,,,,,,,,,,False
2186,ELEC,The Shops at Park Lane - J Crew,8080 Park Ln #770,,Dallas,TX,75231,,888-264-2208,E,,Public - Credit card at all times,7am-1am daily,A D Debit M V,,,,,1.0,,,Volta,https://voltacharging.com/,GPS,32.8700459288745,-96.769099349525,2022-05-05,216375,2022-05-05 20:22:04 UTC,P,,,2022-04-27,,,,,J1772,US,,,,Public - Carte de crédit en tout temps,,public,CREDIT_CARD_ALWAYS,,SHOPPING_CENTER,,,,,,,,,,,,,,,,,False
2187,ELEC,The Shops at Park Lane - Bloomingdales,8080 Park Ln #770,,Dallas,TX,75231,,888-264-2208,E,,Public - Credit card at all times,7am-1am daily,A D Debit M V,,,,,2.0,,,Volta,https://voltacharging.com/,GPS,32.8687741997213,-96.7678891427517,2022-05-05,216376,2022-05-05 20:22:04 UTC,P,,,2022-04-27,,,,,J1772,US,,,,Public - Carte de crédit en tout temps,,public,CREDIT_CARD_ALWAYS,,SHOPPING_CENTER,,,,,,,,,,,,,,,,,False
2196,ELEC,One Galleria Office Towers,13355 Noel Rd,"First Level of Office Parking Garage 3
",Dallas,TX,75240,,888-998-2546,E,,Private,MON: 24 hours | TUE: 24 hours | WED: 24 hours | THU: 24 hours | FRI: 24 hours | SAT: 24 hours | SUN: 24 hours,,,,,,3.0,,,Blink Network,http://www.blinkcharging.com/,GPS,32.927983,-96.818709,2022-10-05,216509,2022-10-05 22:56:54 UTC,,,,2022-05-03,,,,,J1772,US,,,,Privé,,private,,,,,,,,,,Level 2: $0.49 per kWh,,,,,,,,,,
2209,ELEC,Resident Hub,14181 Noel Rd.,,Dallas,TX,75254,,800-663-5633,E,,Public,MO: Not Specified; TU: Not Specified; WE: Not Specified; TH: Not Specified; FR: Not Specified; SA: Not Specified; SU: Not Specified,,,,,,2.0,,,SemaCharge Network,https://semaconnect.com/,GPS,32.9412834,-96.8195667,2022-10-30,217424,2022-10-30 00:34:18 UTC,,,,2022-05-13,,,,,J1772,US,,,,Public,,public,,,,,,,,,,FREE,,,,,,,,,,
2223,ELEC,B&G Warehouse Services,496 South Good Latimer Parking,,Dallas,TX,75226,,,P,2022-09-01,PLANNED - not yet accessible (Public),24 hours daily,,,,,,,2.0,,Non-Networked,,200-5,32.782974,-96.776506,2022-06-14,218356,2022-06-14 16:24:51 UTC,P,,,,,,,,CHADEMO J1772COMBO,US,,,,PRÉVU - pas encore accessible (Public),,public,,,PARKING_GARAGE,,,,,,,,,,,,,,,,,False
2225,ELEC,BSH FAST CHARGER 2,39444 Lyndon B Johnson Fwy,,Dallas,TX,75232,,888-758-4389,E,,Public,24 hours daily,,,,,,,1.0,,ChargePoint Network,http://www.chargepoint.com/,GPS,32.642868,-96.849894,2022-10-30,218505,2022-10-30 01:19:24 UTC,,,,2022-05-19,,,,,CHADEMO J1772COMBO,US,,,,Public,,public,,,,,,,,,,,,,,,,,,,,
2228,ELEC,GTC BUILDING 1 GREYSTAR STN 2,3427 Cedar Springs Rd,,Dallas,TX,75219,,888-758-4389,E,,Public,24 hours daily,,,,,,2.0,,,ChargePoint Network,http://www.chargepoint.com/,GPS,32.805956,-96.805681,2022-10-30,218954,2022-10-30 01:18:49 UTC,,,,2022-05-21,,,,,J1772,US,,,,Public,,public,,,,,,,,,,,,,,,,,,,,
2266,ELEC,BRIARGROVE BG-1,3939 Briargrove Ln,,Dallas,TX,75287,,888-758-4389,E,,Public,24 hours daily,,,,,,2.0,,,ChargePoint Network,http://www.chargepoint.com/,GPS,32.993825,-96.845936,2022-10-30,221254,2022-10-30 01:19:58 UTC,,,,2022-06-14,,,,,J1772,US,,,,Public,,public,,,,,,,,,,,,,,,,,,,,
2267,ELEC,CARROLLTON PARK CP-1,18211 Kelly Blvd,,Dallas,TX,75287,,888-758-4389,E,,Public,24 hours daily,,,,,,2.0,,,ChargePoint Network,http://www.chargepoint.com/,GPS,33.000176,-96.866727,2022-10-30,221257,2022-10-30 01:19:59 UTC,,,,2022-06-14,,,,,J1772,US,,,,Public,,public,,,,,,,,,,,,,,,,,,,,
2268,ELEC,COD CITY HALL STATION 1,1500 Marilla Street,,Dallas,TX,75201,,888-758-4389,E,,Public,24 hours daily,,,,,,1.0,,,ChargePoint Network,http://www.chargepoint.com/,GPS,32.776026,-96.795991,2022-10-30,221329,2022-10-30 00:45:23 UTC,,,,2022-06-16,,,,,J1772,US,,,,Public,,public,,,,,,,,,,,,,,,,,,,,
2269,ELEC,WHOLE FOODS MKT STATION 2,2510 McKinney Ave,,Dallas,TX,75201,,888-758-4389,E,,Public,24 hours daily,,,,,,2.0,,,ChargePoint Network,http://www.chargepoint.com/,GPS,32.795784,-96.801462,2022-10-30,221427,2022-10-30 00:46:23 UTC,,,,2022-06-17,,,,,J1772,US,,,,Public,,public,,,,,,,,,,,,,,,,,,,,
2305,ELEC,Galleria North,13741 Noel Road,,Dallas,TX,75240,,800-663-5633,E,,Public,MO: Not Specified; TU: Not Specified; WE: Not Specified; TH: Not Specified; FR: Not Specified; SA: Not Specified; SU: Not Specified,,,,,,4.0,,,SemaCharge Network,https://semaconnect.com/,GPS,32.9357398,-96.8191899,2022-10-30,221954,2022-10-30 00:34:18 UTC,,,,2022-06-25,,,,,J1772,US,,,,Public,,public,,,,,,,,,,$0.00-$5.00/Hr Variable Parking Fee,,,,,,,,,,
2392,ELEC,Doverhouse,9343 Garland Road,"The stations are located inside the parking garage, it's underground of building 2. ",Dallas,TX,75218,,800-663-5633,E,,Public,MO: Not Specified; TU: Not Specified; WE: Not Specified; TH: Not Specified; FR: Not Specified; SA: Not Specified; SU: Not Specified,,,,,,4.0,,,SemaCharge Network,https://semaconnect.com/,GPS,32.8322222,-96.7049162,2022-10-30,224579,2022-10-30 00:34:18 UTC,,,,2022-07-29,,,,,J1772,US,,,,Public,,public,,,,,,,,,,FREE,,,,,,,,,,
2402,ELEC,Motor Court,301 S Harwood St.,,Dallas,TX,75201,,888-998-2546,E,,Public,MON: 24 hours | TUE: 24 hours | WED: 24 hours | THU: 24 hours | FRI: 24 hours | SAT: 24 hours | SUN: 24 hours,,,,,,1.0,,,Blink Network,http://www.blinkcharging.com/,GPS,32.779853,-96.794503,2022-10-05,224840,2022-10-05 22:58:03 UTC,,,,2022-08-04,,,,,J1772,US,,,,Public,,public,,,,,,,,,,Level 2: $0.49 per kWh,,,,,,,,,,
2427,ELEC,Parc at White Rock Garage,7545 E. Northwest Highway,The stations are located in the garage.,Dallas,TX,75238,,800-663-5633,E,,Public,MO: 12:00am-12:00am; TU: 12:00am-12:00am; WE: 12:00am-12:00am; TH: 12:00am-12:00am; FR: 12:00am-12:00am; SA: 12:00am-12:00am; SU: 12:00am-12:00am,,,,,,3.0,,,SemaCharge Network,https://semaconnect.com/,GPS,32.8642076,-96.7038743,2022-10-30,225328,2022-10-30 00:34:18 UTC,,,,2022-08-11,,,,,J1772,US,,,,Public,,public,,,,,,,,,,FREE,,,,,,,,,,
2472,ELEC,Fuel City Convenience Store - Tesla Supercharger,801 S Riverfront Blvd,,Dallas,TX,75207,,877-798-3752,E,,Public - Credit card at all times,24 hours daily,A D Debit M V,,,,,,12.0,,Tesla,https://www.tesla.com/supercharger,GPS,32.767263,-96.807846,2022-10-11,227379,2022-10-11 18:56:12 UTC,P,,,2022-09-02,,,,,TESLA,US,,,,Public - Carte de crédit en tout temps,,public,CREDIT_CARD_ALWAYS,,GAS_STATION,,,,,,,,,,,,,,,,,False
2489,ELEC,"Holiday Inn Express & Suites Dallas Northeast - Arboretum, an IHG Hotel",11331 W Kingsley Rd,,Dallas,TX,75238,,866-350-2739,E,,Public - Credit card at all times,24 hours daily,A CREDIT D M V,,,,,2.0,,,UNIVERSAL,https://universalevcharging.com/,GPS,32.8788782,-96.6853215,2022-10-11,227755,2022-10-11 18:56:12 UTC,P,,,2022-08-26,,,,,J1772,US,,,,Public - Carte de crédit en tout temps,,public,CREDIT_CARD_ALWAYS,,HOTEL,,,,,,,$0.30 per kWh,,,,,,,,,,False
2508,ELEC,Victron at Shell,102 S Belt Line Rd,,Dallas,TX,75253,,877-455-3833,E,,Public,24 hours daily,,,,,,1.0,1.0,,eVgo Network,https://www.evgo.com/,GPS,32.702628,-96.585952,2022-10-29,228181,2022-10-29 22:55:53 UTC,,,,2018-03-07,,,,,CHADEMO J1772 J1772COMBO,US,,,,Public,,public,,,,,,,,,,,,,,,,,,,,
2519,ELEC,Walgreens,9937 Garland Rd,,Dallas,TX,75218,,877-455-3833,E,,Public,24 hours daily,,,,,,1.0,1.0,,eVgo Network,https://www.evgo.com/,GPS,32.838897,-96.697156,2022-10-29,228195,2022-10-29 22:55:54 UTC,,,,2018-03-07,,,,,CHADEMO J1772 J1772COMBO,US,,,,Public,,public,,,,,,,,,,,,,,,,,,,,
2527,ELEC,Walgreens,5742 E Mockingbird Ln,,Dallas,TX,75206,,877-455-3833,E,,Public,24 hours daily,,,,,,,1.0,,eVgo Network,https://www.evgo.com/,GPS,32.836017,-96.76808,2022-10-29,228207,2022-10-29 22:55:55 UTC,,,,2018-03-07,,,,,CHADEMO J1772COMBO,US,,,,Public,,public,,,,,,,,,,,,,,,,,,,,
2528,ELEC,Walgreens,3802 Cedar Springs Rd,,Dallas,TX,75219,,877-455-3833,E,,Public,24 hours daily,,,,,,1.0,1.0,,eVgo Network,https://www.evgo.com/,GPS,32.809635,-96.808726,2022-10-29,228209,2022-10-29 22:55:56 UTC,,,,2018-03-07,,,,,CHADEMO J1772 J1772COMBO,US,,,,Public,,public,,,,,,,,,,,,,,,,,,,,
2532,ELEC,Walgreens,5201 Belt Line Rd,,Dallas,TX,75254,,877-455-3833,E,,Public,24 hours daily,,,,,,,1.0,,eVgo Network,https://www.evgo.com/,GPS,32.954462,-96.819108,2022-10-29,228213,2022-10-29 22:55:56 UTC,,,,2018-03-07,,,,,CHADEMO J1772COMBO,US,,,,Public,,public,,,,,,,,,,,,,,,,,,,,
2542,ELEC,YMCA - Town North #75,4332 Northhaven Rd,,Dallas,TX,75229,,888-998-2546,E,,Public,MON: 24 hours | TUE: 24 hours | WED: 24 hours | THU: 24 hours | FRI: 24 hours | SAT: 24 hours | SUN: 24 hours,,,,,,2.0,,,Blink Network,http://www.blinkcharging.com/,GPS,32.901518,-96.834891,2022-10-05,228904,2022-10-05 22:57:31 UTC,,,,2022-09-22,,,,,J1772,US,,,,Public,,public,,,,,,,,,,Level 2: $0.49 per kWh,,,,,,,,,,
2547,ELEC,Tom Thumb,10455 N Central Expy,,Dallas,TX,75231,,888-264-2208,E,,Public,6am-12am daily,,,,,,2.0,,,Volta,https://voltacharging.com/,GPS,32.88879846016888,-96.77142571610575,2022-10-11,229343,2022-10-11 18:56:12 UTC,P,,,2022-06-27,,,,,J1772,US,,,,Public,,public,,,GROCERY,,,,,,,,,,,,,,,,,False
2557,ELEC,Park Fast,1821 N Pearl St,,Dallas,TX,75201,,833-692-6787,E,,Public - Credit card at all times,Contact station for hours of availability.,A ANDROID_PAY APPLE_PAY CREDIT D M,,,,,6.0,,,AMPUP,https://ampup.io/,200-8,32.789085,-96.799272,2022-10-11,230191,2022-10-11 18:56:12 UTC,P,,,2022-09-15,,,,,J1772,US,,,,Public - Carte de crédit en tout temps,,public,CREDIT_CARD_ALWAYS,,PARKING_GARAGE,,,,,,,,,,,,,,,,,False
2562,ELEC,The Shelton,5909 Luther Ln,,Dallas,TX,75225,,833-692-6787,E,,Private,Contact station for hours of availability.,,,,,,2.0,,,AMPUP,https://ampup.io/,200-9,32.863923,-96.810844,2022-10-11,230679,2022-10-11 18:56:12 UTC,P,,,2022-09-15,,,,,J1772,US,,,,Privé,,private,,,MULTI_UNIT_DWELLING,,,,,,,,,,,,,,,,,
2565,ELEC,SKY VIEW CFC-1,N 24th Ave,,Dallas,TX,75261,,888-758-4389,E,,Public,24 hours daily,,,,,,2.0,,,ChargePoint Network,http://www.chargepoint.com/,GPS,32.916031,-97.034359,2022-10-30,230746,2022-10-30 01:21:01 UTC,,,,2022-09-30,,,,,J1772,US,,,,Public,,public,,,,,,,,,,,,,,,,,,,,
2566,ELEC,SKY VIEW CFC-2,N 24th Ave,,Dallas,TX,75261,,888-758-4389,E,,Public,24 hours daily,,,,,,1.0,,,ChargePoint Network,http://www.chargepoint.com/,GPS,32.915586,-97.034357,2022-10-30,230747,2022-10-30 01:21:01 UTC,,,,2022-09-30,,,,,J1772,US,,,,Public,,public,,,,,,,,,,,,,,,,,,,,
2572,ELEC,Highland Springs Inc.,8000 Frankford Road,,Dallas,TX,75252,,866-816-7584,E,,Public,,,,,,,1.0,,,EV Connect,http://evconnect.com/,GPS,32.995123,-96.763033,2022-10-30,230974,2022-10-30 02:14:12 UTC,,,,2022-09-30,,,,,J1772,US,,,,Public,,public,,,,,,,,,,,,,,,,,,,,
2581,ELEC,AMERICANAIRLINE CFC-3,N 24th Ave,,Dallas,TX,75261,,888-758-4389,E,,Public,24 hours daily,,,,,,2.0,,,ChargePoint Network,http://www.chargepoint.com/,GPS,32.915914,-97.034369,2022-10-30,231755,2022-10-30 01:21:31 UTC,,,,2022-10-04,,,,,J1772,US,,,,Public,,public,,,,,,,,,,,,,,,,,,,,
2582,ELEC,AMERICANAIRLINE CFC-4,N 24th Ave,,Dallas,TX,75261,,888-758-4389,E,,Public,24 hours daily,,,,,,2.0,,,ChargePoint Network,http://www.chargepoint.com/,GPS,32.915878,-97.034359,2022-10-30,231756,2022-10-30 01:21:31 UTC,,,,2022-10-04,,,,,J1772,US,,,,Public,,public,,,,,,,,,,,,,,,,,,,,
2585,ELEC,BOAP EV BOAP - 1,800 Main St,,Dallas,TX,75202,,888-758-4389,E,,Public,24 hours daily,,,,,,2.0,,,ChargePoint Network,http://www.chargepoint.com/,GPS,32.779136,-96.804631,2022-10-30,233131,2022-10-30 01:20:19 UTC,,,,2022-10-08,,,,,J1772,US,,,,Public,,public,,,,,,,,,,,,,,,,,,,,
2586,ELEC,BOAP EV BOAP - 2,800 Main St,,Dallas,TX,75202,,888-758-4389,E,,Public,24 hours daily,,,,,,2.0,,,ChargePoint Network,http://www.chargepoint.com/,GPS,32.779163,-96.80445,2022-10-30,233132,2022-10-30 01:20:19 UTC,,,,2022-10-08,,,,,J1772,US,,,,Public,,public,,,,,,,,,,,,,,,,,,,,
2600,ELEC,La Quinta Inn & Suites by Wyndham Dallas - Richardson,13175 N Central Expy,,Dallas,TX,75243,,866-350-2738,E,,Public - Credit card at all times,24 hours daily,A CREDIT D M V,,,,,2.0,,,UNIVERSAL,https://universalevcharging.com/,GPS,32.9280789,-96.7634954,,234590,2022-10-18 19:15:23 UTC,P,,,2022-09-28,,,,,J1772,US,,,,Public - Carte de crédit en tout temps,,public,CREDIT_CARD_ALWAYS,,HOTEL,,,,,,,$0.30 per kWh,,,,,,,,,,False
2601,ELEC,SHSDALLAS1 SHSDALLAS1,18180 Highland Spgs,,Dallas,TX,75252,,888-758-4389,E,,Public,24 hours daily,,,,,,2.0,,,ChargePoint Network,http://www.chargepoint.com/,GPS,32.998436,-96.761871,2022-10-30,235008,2022-10-30 01:22:00 UTC,,,,2022-10-22,,,,,J1772,US,,,,Public,,public,,,,,,,,,,,,,,,,,,,,
